ride_pk,ride_id,customer_id,driver_id,booking_status,date,time,pickup_location,drop_location,ride_distance,booking_value,payment_method,customer_rating,avg_vtat_tratado,avg_ctat_tratado
1,""CNR5884300"",""CID1982111"",1,"No Driver Found",2024-03-23,00:00:12,"Palam Vihar",Jhilmil,0.00,0.00,"Não informado",0,8.49,29.14
2,""CNR1326809"",""CID4604802"",2,Incomplete,2024-11-29,00:00:18,"Shastri Nagar","Gurgaon Sector 56",5.73,237.00,UPI,0,4.90,14.00
3,""CNR8494506"",""CID9202816"",3,Completed,2024-08-23,00:00:08,Khandsa,"Malviya Nagar",13.58,627.00,"Debit Card",5,13.40,25.80
4,""CNR8906825"",""CID2610914"",4,Completed,2024-10-21,00:00:17,"Central Secretariat",Inderlok,34.02,416.00,UPI,5,13.10,28.50
5,""CNR1950162"",""CID9933542"",5,Completed,2024-09-16,00:00:22,"Ghitorni Village","Khan Market",48.21,737.00,UPI,4,5.30,19.60
6,""CNR4096693"",""CID4670564"",6,Completed,2024-02-06,00:00:09,AIIMS,Narsinghpur,4.85,316.00,UPI,5,5.10,18.10
7,""CNR2002539"",""CID6800553"",7,Completed,2024-06-17,00:00:15,Vaishali,"Punjabi Bagh",41.24,640.00,UPI,4,7.10,20.40
8,""CNR6568000"",""CID8610436"",6,Completed,2024-03-19,00:00:17,"Mayur Vihar","Cyber Hub",6.56,136.00,UPI,4,12.10,16.50
9,""CNR4510807"",""CID7873618"",2,"No Driver Found",2024-09-14,00:00:12,"Noida Sector 62","Noida Sector 18",0.00,0.00,"Não informado",0,8.49,29.14
10,""CNR7721892"",""CID5214275"",8,Incomplete,2024-12-16,00:00:19,Rohini,"Adarsh Nagar",10.36,135.00,Cash,0,6.10,26.00
11,""CNR9070334"",""CID6680340"",6,Completed,2024-06-14,00:00:16,"Udyog Bhawan","Dwarka Sector 21",19.84,181.00,Cash,5,7.70,18.90
12,""CNR9551927"",""CID7568143"",8,"No Driver Found",2024-09-18,00:00:08,"Vidhan Sabha",AIIMS,0.00,0.00,"Não informado",0,8.49,29.14
13,""CNR4386945"",""CID5543520"",1,"Cancelled by Driver",2024-06-25,00:00:22,"Patel Chowk","Kherki Daula Toll",0.00,0.00,"Não informado",0,4.60,29.14
14,""CNR2987763"",""CID2669710"",7,Completed,2024-09-11,00:00:19,"Malviya Nagar","Ghitorni Village",21.44,394.00,UPI,5,12.20,28.20
15,""CNR8962232"",""CID1789354"",9,Completed,2024-10-18,00:00:18,Madipur,"GTB Nagar",39.55,836.00,UPI,4,14.00,30.90
16,""CNR2390352"",""CID5432215"",6,Completed,2024-06-07,00:00:15,"Jama Masjid","Khan Market",34.76,410.00,"Uber Wallet",5,8.50,36.90
17,""CNR3221338"",""CID2581698"",4,Completed,2024-07-01,00:00:10,"IGI Airport",Madipur,21.97,401.00,UPI,4,5.60,27.50
18,""CNR6739317"",""CID8682675"",2,"Cancelled by Driver",2024-12-15,00:00:15,Vinobapuri,"GTB Nagar",0.00,0.00,"Não informado",0,6.00,29.14
19,""CNR6126048"",""CID1060329"",1,"Cancelled by Customer",2024-11-24,00:00:09,"Kashmere Gate","Anand Vihar",0.00,0.00,"Não informado",0,12.40,29.14
20,""CNR9465840"",""CID9046501"",1,"Cancelled by Driver",2024-05-24,00:00:19,Pitampura,"Rajiv Nagar",0.00,0.00,"Não informado",0,10.30,29.14
21,""CNR9843229"",""CID4929303"",10,Completed,2024-12-14,00:00:21,"Punjabi Bagh","Mansarovar Park",13.64,264.00,"Uber Wallet",5,6.10,33.70
22,""CNR7911434"",""CID8465004"",3,Completed,2024-07-29,00:00:06,"Greater Noida","Botanical Garden",4.50,183.00,UPI,4,7.00,21.30
23,""CNR6178330"",""CID7719678"",7,Completed,2024-02-23,00:00:11,"Tis Hazari","IMT Manesar",38.03,713.00,UPI,4,10.40,25.10
24,""CNR5309981"",""CID3870048"",9,Completed,2024-03-09,00:00:20,"Noida Sector 18","Old Gurgaon",14.53,113.00,UPI,5,7.90,41.10
25,""CNR2978950"",""CID2977484"",6,Completed,2024-08-28,00:00:16,"Kanhaiya Nagar","Anand Vihar",7.39,767.00,"Debit Card",5,13.60,25.20
26,""CNR2806943"",""CID7550481"",11,Completed,2024-08-08,00:00:06,Okhla,"Barakhamba Road",10.23,495.00,"Credit Card",4,5.10,20.70
27,""CNR3614535"",""CID2507102"",8,"Cancelled by Driver",2024-01-26,00:00:09,"Cyber Hub",Saket,0.00,0.00,"Não informado",0,11.50,29.14
28,""CNR4499383"",""CID5717521"",12,"No Driver Found",2024-04-12,00:00:19,"Sadar Bazar Gurgaon",Mehrauli,0.00,0.00,"Não informado",0,8.49,29.14
29,""CNR9834201"",""CID7891331"",13,Incomplete,2024-04-05,00:00:18,"Shastri Park","Botanical Garden",1.98,304.00,UPI,0,3.10,28.20
30,""CNR8779845"",""CID7444351"",14,Completed,2024-11-03,00:00:12,"Faridabad Sector 15","Malviya Nagar",39.21,2847.00,"Debit Card",5,8.90,31.10
31,""CNR2178654"",""CID3631860"",15,"Cancelled by Driver",2024-05-18,00:00:17,"Qutub Minar",Vishwavidyalaya,0.00,0.00,"Não informado",0,9.20,29.14
32,""CNR3871541"",""CID9849259"",7,Completed,2024-11-15,00:00:05,Mundka,"Preet Vihar",8.36,282.00,UPI,4,8.90,41.00
33,""CNR2877692"",""CID5901711"",4,Completed,2024-02-04,00:00:18,"DLF City Court","Nehru Place",6.39,656.00,"Uber Wallet",5,11.50,20.50
34,""CNR9603633"",""CID5856503"",6,Completed,2024-05-29,00:00:14,"Tis Hazari",Shahdara,46.66,134.00,"Credit Card",4,2.00,19.40
35,""CNR8087051"",""CID9716528"",2,"Cancelled by Driver",2024-07-13,00:00:19,"New Colony","Ghitorni Village",0.00,0.00,"Não informado",0,5.40,29.14
36,""CNR7823292"",""CID9377721"",10,Completed,2024-06-07,00:00:19,"Nirman Vihar","Malviya Nagar",27.07,470.00,Cash,4,14.60,25.40
37,""CNR9918895"",""CID9520433"",3,Completed,2024-05-16,00:00:13,"New Delhi Railway Station","Noida Film City",12.16,187.00,UPI,4,6.70,20.50
38,""CNR7401001"",""CID9958715"",16,Completed,2024-10-02,00:00:03,"Civil Lines Gurgaon","Mandi House",10.28,186.00,UPI,5,6.60,30.00
39,""CNR2631310"",""CID4355670"",17,Completed,2024-02-26,00:00:15,Seelampur,Janakpuri,44.42,70.00,UPI,4,10.00,35.80
40,""CNR4218487"",""CID3037053"",13,"Cancelled by Customer",2024-09-10,00:00:13,"Noida Extension","Udyog Vihar Phase 4",0.00,0.00,"Não informado",0,11.00,29.14
41,""CNR5333099"",""CID5112050"",8,"Cancelled by Driver",2024-09-12,00:00:09,"Adarsh Nagar","Civil Lines Gurgaon",0.00,0.00,"Não informado",0,8.00,29.14
42,""CNR5969954"",""CID5558118"",3,Completed,2024-01-24,00:00:10,Vinobapuri,Karkarduma,34.64,273.00,"Uber Wallet",5,12.80,18.70
43,""CNR4130953"",""CID3196782"",12,Incomplete,2024-02-12,00:00:19,Panipat,"Tagore Garden",18.30,966.00,"Debit Card",0,6.40,10.50
44,""CNR6693125"",""CID7364449"",8,"Cancelled by Driver",2024-10-02,00:00:19,"Karol Bagh","Tagore Garden",0.00,0.00,"Não informado",0,5.40,29.14
45,""CNR9572979"",""CID3474992"",10,Completed,2024-04-01,00:00:21,Sultanpur,"Noida Extension",20.91,251.00,"Debit Card",4,12.20,42.30
46,""CNR6444364"",""CID8262635"",15,"Cancelled by Driver",2024-09-18,00:00:21,"Moti Nagar","Anand Vihar ISBT",0.00,0.00,"Não informado",0,6.60,29.14
47,""CNR4862806"",""CID7875150"",8,"Cancelled by Customer",2024-08-02,00:00:07,"Shastri Park","Anand Vihar ISBT",0.00,0.00,"Não informado",0,11.30,29.14
48,""CNR4674790"",""CID4795905"",13,Incomplete,2024-09-30,00:00:13,"Dilshad Garden","Nehru Place",19.24,453.00,"Debit Card",0,2.30,29.70
49,""CNR6866217"",""CID7798304"",10,Completed,2024-06-16,00:00:00,"Dilshad Garden","Nehru Place",8.13,246.00,UPI,5,7.80,42.20
50,""CNR4932611"",""CID8795963"",6,Completed,2024-09-18,00:00:09,"Aya Nagar",Karkarduma,2.96,237.00,UPI,3,8.80,25.20
51,""CNR1572483"",""CID6059557"",15,Incomplete,2024-05-04,00:00:21,"Rajiv Chowk","Central Secretariat",1.82,1581.00,Cash,0,9.90,21.60
52,""CNR6945858"",""CID9079088"",7,Completed,2024-06-03,00:00:18,"MG Road","Hauz Rani",33.04,379.00,"Uber Wallet",5,4.10,25.10
53,""CNR6584679"",""CID4738537"",7,Completed,2024-10-03,00:00:22,Jasola,"Palam Vihar",44.70,545.00,Cash,4,11.20,40.70
54,""CNR6125653"",""CID2808212"",7,Completed,2024-05-25,00:00:11,"Kashmere Gate","RK Puram",7.38,479.00,UPI,5,3.00,35.40
55,""CNR6092529"",""CID5040634"",2,"Cancelled by Driver",2024-03-04,00:00:17,"Ardee City","Basai Dhankot",0.00,0.00,"Não informado",0,11.20,29.14
56,""CNR6339107"",""CID7358763"",7,Completed,2024-11-10,00:00:05,"Punjabi Bagh",Madipur,24.93,647.00,"Uber Wallet",5,9.10,23.20
57,""CNR1349015"",""CID9386278"",8,"Cancelled by Driver",2024-09-11,00:00:10,Meerut,Badarpur,0.00,0.00,"Não informado",0,4.30,29.14
58,""CNR9773309"",""CID9965847"",18,"No Driver Found",2024-04-11,00:00:15,"Anand Vihar ISBT","Dwarka Sector 21",0.00,0.00,"Não informado",0,8.49,29.14
59,""CNR2107544"",""CID1266188"",16,Completed,2024-06-01,00:00:10,"Mayur Vihar","Palam Vihar",25.16,125.00,"Credit Card",5,11.40,42.10
60,""CNR4171959"",""CID8470723"",12,"Cancelled by Driver",2024-05-09,00:00:10,"Lajpat Nagar","Ramesh Nagar",0.00,0.00,"Não informado",0,6.30,29.14
61,""CNR5316307"",""CID1816553"",19,Completed,2024-07-30,00:00:12,Tughlakabad,Akshardham,48.85,375.00,Cash,3,12.40,21.50
62,""CNR3635865"",""CID6477355"",3,Completed,2024-02-25,00:00:16,"Cyber Hub","Yamuna Bank",24.41,310.00,"Debit Card",4,11.70,33.00
63,""CNR2497989"",""CID5007066"",8,"Cancelled by Customer",2024-02-09,00:00:11,Karkarduma,"IGI Airport",0.00,0.00,"Não informado",0,16.60,29.14
64,""CNR8946337"",""CID6438326"",2,"Cancelled by Driver",2024-03-02,00:00:04,"Shastri Nagar","New Colony",0.00,0.00,"Não informado",0,5.40,29.14
65,""CNR3740694"",""CID5885514"",8,Incomplete,2024-08-27,00:00:18,"Aya Nagar","Green Park",13.85,370.00,Cash,0,2.30,10.10
66,""CNR4660896"",""CID5486947"",12,"Cancelled by Driver",2024-03-08,00:00:09,"Dwarka Mor",ITO,0.00,0.00,"Não informado",0,5.80,29.14
67,""CNR2513330"",""CID7805280"",12,"Cancelled by Driver",2024-03-20,00:00:09,"Adarsh Nagar","Noida Extension",0.00,0.00,"Não informado",0,6.70,29.14
68,""CNR9252424"",""CID9413620"",20,Completed,2024-01-25,00:00:12,"Vidhan Sabha",Mehrauli,3.71,291.00,UPI,4,12.10,18.10
69,""CNR3096031"",""CID3101926"",6,Completed,2024-04-11,00:00:11,"Anand Vihar",Saket,32.98,114.00,"Uber Wallet",5,5.80,24.30
70,""CNR4141159"",""CID6810411"",9,Completed,2024-06-17,00:00:20,"Uttam Nagar","New Delhi Railway Station",11.20,464.00,Cash,4,4.00,44.50
71,""CNR6757829"",""CID8433663"",10,Completed,2024-07-29,00:00:19,"Model Town",Mundka,45.40,160.00,Cash,5,3.40,27.10
72,""CNR6204326"",""CID9419495"",8,"Cancelled by Driver",2024-12-22,00:00:10,"Mandi House","India Gate",0.00,0.00,"Não informado",0,11.10,29.14
73,""CNR3347993"",""CID4871438"",17,Completed,2024-12-21,00:00:21,Ghitorni,Pitampura,28.78,206.00,Cash,4,9.90,38.50
74,""CNR6796311"",""CID1880505"",15,Incomplete,2024-02-23,00:00:11,"Ghitorni Village","Palam Vihar",2.81,217.00,"Credit Card",0,5.90,17.20
75,""CNR3908312"",""CID8787746"",21,Completed,2024-05-05,00:00:21,Okhla,"Netaji Subhash Place",17.34,633.00,"Credit Card",5,8.10,37.30
76,""CNR9416323"",""CID1025742"",6,Completed,2024-11-08,00:00:17,"DLF City Court","Udyog Vihar Phase 4",9.38,717.00,UPI,5,6.10,28.20
77,""CNR2912296"",""CID8094609"",22,Completed,2024-12-26,00:00:21,"Rajiv Nagar","Ramesh Nagar",11.90,151.00,UPI,5,6.00,26.70
78,""CNR4611314"",""CID6968311"",16,Completed,2024-09-05,00:00:07,"Sohna Road","New Delhi Railway Station",35.66,512.00,UPI,5,5.00,34.70
79,""CNR2601752"",""CID9283370"",2,"Cancelled by Customer",2024-11-25,00:00:08,"Sadar Bazar Gurgaon",Indraprastha,0.00,0.00,"Não informado",0,12.00,29.14
80,""CNR5793527"",""CID5705499"",12,"Cancelled by Driver",2024-08-15,00:00:18,"Anand Vihar ISBT",Rohini,0.00,0.00,"Não informado",0,3.20,29.14
81,""CNR4487090"",""CID1210782"",4,Completed,2024-02-10,00:00:09,"Lajpat Nagar","Chirag Delhi",21.79,1390.00,UPI,5,9.60,39.10
82,""CNR5266935"",""CID2831708"",12,"Cancelled by Driver",2024-09-26,00:00:11,Bahadurgarh,"Pataudi Chowk",0.00,0.00,"Não informado",0,3.90,29.14
83,""CNR1487489"",""CID3403699"",5,Completed,2024-07-01,00:00:17,Moolchand,"Karol Bagh",7.86,224.00,Cash,4,3.90,23.00
84,""CNR6351034"",""CID2038230"",3,Completed,2024-10-19,00:00:16,"Uttam Nagar",Vaishali,18.04,708.00,UPI,5,8.40,31.30
85,""CNR7600870"",""CID7289498"",6,Completed,2024-02-09,00:00:10,"INA Market","IFFCO Chowk",15.18,153.00,"Uber Wallet",4,7.70,43.70
86,""CNR5444321"",""CID3326946"",13,"Cancelled by Driver",2024-03-31,00:00:12,"Sushant Lok","Noida Sector 62",0.00,0.00,"Não informado",0,6.30,29.14
87,""CNR8509610"",""CID8227993"",21,Completed,2024-12-11,00:00:17,"IIT Delhi","Mansarovar Park",13.38,72.00,Cash,4,5.00,35.00
88,""CNR6851549"",""CID9560489"",2,Incomplete,2024-06-19,00:00:16,"Satguru Ram Singh Marg","Punjabi Bagh",11.81,282.00,UPI,0,8.90,15.60
89,""CNR3318044"",""CID4051792"",15,"No Driver Found",2024-06-20,00:00:18,"Adarsh Nagar","Gwal Pahari",0.00,0.00,"Não informado",0,8.49,29.14
90,""CNR3126177"",""CID1851430"",4,Completed,2024-07-10,00:00:02,Munirka,Saidulajab,30.90,696.00,UPI,4,10.90,43.60
91,""CNR6453539"",""CID6999817"",1,Incomplete,2024-02-06,00:00:21,"New Colony",Jasola,14.91,936.00,"Uber Wallet",0,5.70,18.00
92,""CNR7449144"",""CID8609350"",6,Completed,2024-09-30,00:00:12,"IGNOU Road","Tis Hazari",44.25,2169.00,"Uber Wallet",4,8.60,32.70
93,""CNR1970319"",""CID6085619"",20,Completed,2024-09-20,00:00:13,Meerut,"Udyog Bhawan",45.46,136.00,"Uber Wallet",4,9.50,24.60
94,""CNR4415815"",""CID8351180"",7,Completed,2024-04-30,00:00:20,"Punjabi Bagh","Saket A Block",2.91,214.00,UPI,5,4.60,38.90
95,""CNR3899082"",""CID5467225"",7,Completed,2024-06-04,00:00:20,Akshardham,"Mayur Vihar",37.57,835.00,UPI,5,10.30,16.40
96,""CNR3274519"",""CID3829804"",1,"Cancelled by Driver",2024-10-30,00:00:16,Chhatarpur,"Gurgaon Sector 29",0.00,0.00,"Não informado",0,6.00,29.14
97,""CNR3263958"",""CID3231090"",10,Completed,2024-08-11,00:00:18,"IMT Manesar",Ashram,40.18,705.00,UPI,5,2.60,36.20
98,""CNR5822542"",""CID1628370"",18,"No Driver Found",2024-05-21,00:00:17,Madipur,"DLF City Court",0.00,0.00,"Não informado",0,8.49,29.14
99,""CNR9652983"",""CID4773175"",10,Completed,2024-10-08,00:00:08,Azadpur,"Khan Market",20.22,480.00,"Debit Card",5,2.10,35.50
100,""CNR2598306"",""CID5704025"",12,"Cancelled by Customer",2024-03-26,00:00:18,Chhatarpur,Badshahpur,0.00,0.00,"Não informado",0,14.40,29.14
101,""CNR3274827"",""CID3134967"",9,Completed,2024-06-24,00:00:18,"Cyber Hub","Old Gurgaon",44.76,707.00,UPI,4,7.50,41.70
102,""CNR9139265"",""CID4003339"",13,"Cancelled by Driver",2024-03-28,00:00:19,Jhilmil,"DLF Phase 3",0.00,0.00,"Não informado",0,9.90,29.14
103,""CNR8036415"",""CID9244184"",20,Completed,2024-09-27,00:00:20,Sikanderpur,"Greater Noida",43.34,865.00,Cash,4,10.00,38.00
104,""CNR8433849"",""CID7659765"",5,Completed,2024-04-26,00:00:15,"Mayur Vihar","IGNOU Road",5.97,768.00,Cash,5,10.80,40.00
105,""CNR2948784"",""CID7747807"",5,Completed,2024-05-19,00:00:18,"Rohini West","Yamuna Bank",27.96,626.00,"Uber Wallet",4,7.00,37.00
106,""CNR1996806"",""CID2293483"",7,Completed,2024-06-05,00:00:11,"Mandi House",Bahadurgarh,21.19,443.00,UPI,5,9.20,40.40
107,""CNR6241612"",""CID5715130"",8,"Cancelled by Customer",2024-01-07,00:00:16,Azadpur,"Hauz Rani",0.00,0.00,"Não informado",0,7.90,29.14
108,""CNR5222120"",""CID2370613"",10,Completed,2024-04-19,00:00:14,"Aya Nagar","Chandni Chowk",47.63,226.00,UPI,4,9.90,28.70
109,""CNR6596872"",""CID2589193"",14,Completed,2024-03-31,00:00:16,"Shastri Nagar","Saket A Block",24.40,449.00,UPI,4,12.80,30.60
110,""CNR7149058"",""CID7341591"",7,Completed,2024-03-26,00:00:19,Vinobapuri,"Shastri Park",7.49,778.00,UPI,5,5.90,21.10
111,""CNR5726463"",""CID3407189"",5,Completed,2024-06-10,00:00:15,"Rohini West","Yamuna Bank",24.44,361.00,UPI,5,14.70,18.80
112,""CNR3975551"",""CID2944423"",6,Completed,2024-08-16,00:00:17,"Kashmere Gate ISBT","New Colony",9.20,235.00,UPI,4,3.50,30.40
113,""CNR8637930"",""CID8137475"",10,Completed,2024-02-04,00:00:15,Rohini,"Botanical Garden",28.09,186.00,Cash,4,8.60,15.90
114,""CNR9935095"",""CID7359331"",18,Incomplete,2024-06-24,00:00:18,"Kherki Daula Toll",Nawada,3.37,544.00,Cash,0,3.20,21.90
115,""CNR8893726"",""CID8335294"",13,"No Driver Found",2024-03-23,00:00:11,"IFFCO Chowk","Dilshad Garden",0.00,0.00,"Não informado",0,8.49,29.14
116,""CNR3975051"",""CID5797043"",15,"Cancelled by Customer",2024-07-21,00:00:10,"Hauz Rani",Kaushambi,0.00,0.00,"Não informado",0,13.10,29.14
117,""CNR1984811"",""CID6701334"",8,"Cancelled by Customer",2024-09-22,00:00:06,"Dilshad Garden","Qutub Minar",0.00,0.00,"Não informado",0,8.10,29.14
118,""CNR7036055"",""CID7359512"",5,Completed,2024-05-26,00:00:22,"Faridabad Sector 15",Vinobapuri,40.10,86.00,Cash,4,7.70,25.00
119,""CNR3449107"",""CID8684841"",8,"Cancelled by Driver",2024-03-30,00:00:13,"Sarai Kale Khan","Central Secretariat",0.00,0.00,"Não informado",0,8.10,29.14
120,""CNR6919653"",""CID5736754"",15,"No Driver Found",2024-09-19,00:00:08,Vishwavidyalaya,"MG Road",0.00,0.00,"Não informado",0,8.49,29.14
121,""CNR8504461"",""CID3984123"",16,Completed,2024-12-26,00:00:16,"Malviya Nagar",Chanakyapuri,42.50,234.00,Cash,5,8.30,43.70
122,""CNR3712671"",""CID5160108"",1,"Cancelled by Driver",2024-06-28,00:00:10,"Mayur Vihar","Vidhan Sabha",0.00,0.00,"Não informado",0,11.90,29.14
123,""CNR8819329"",""CID6695773"",22,Completed,2024-11-30,00:00:18,Vaishali,"Tilak Nagar",41.42,758.00,Cash,4,6.00,44.40
124,""CNR3734278"",""CID6462328"",8,Incomplete,2024-11-04,00:00:13,"Kashmere Gate ISBT","Laxmi Nagar",17.52,629.00,UPI,0,7.90,16.70
125,""CNR2472864"",""CID7156852"",6,Completed,2024-04-16,00:00:19,"Maidan Garhi","Panchsheel Park",31.69,273.00,UPI,5,12.50,26.30
126,""CNR3239651"",""CID9573465"",3,Completed,2024-09-12,00:00:05,"Yamuna Bank","Nirman Vihar",33.74,117.00,"Debit Card",4,11.10,19.60
127,""CNR2646387"",""CID8652330"",10,Completed,2024-06-07,00:00:18,"Khan Market","Central Secretariat",36.82,955.00,UPI,4,13.30,15.80
128,""CNR4724814"",""CID1251463"",10,Completed,2024-06-01,00:00:15,"Pragati Maidan","Jama Masjid",38.75,139.00,UPI,4,9.70,31.50
129,""CNR2200152"",""CID6635464"",7,Completed,2024-05-05,00:00:14,"Mansarovar Park",Rohini,17.07,255.00,Cash,4,13.30,30.70
130,""CNR5060137"",""CID2961093"",6,Completed,2024-01-15,00:00:17,Rithala,"Aya Nagar",19.18,1212.00,UPI,4,9.50,18.00
131,""CNR9291876"",""CID9026677"",22,Completed,2024-07-08,00:00:17,"Shastri Park",Indraprastha,23.93,81.00,"Debit Card",4,10.00,23.60
132,""CNR4212658"",""CID5774800"",6,Completed,2024-08-14,00:00:17,"Cyber Hub","Udyog Bhawan",29.09,940.00,UPI,5,3.60,24.20
133,""CNR7677229"",""CID8986725"",8,"Cancelled by Driver",2024-07-31,00:00:17,Jhilmil,"Vidhan Sabha",0.00,0.00,"Não informado",0,8.50,29.14
134,""CNR4415643"",""CID4718297"",17,Completed,2024-05-08,00:00:16,Saidulajab,"Hauz Khas",27.55,98.00,Cash,4,10.00,17.90
135,""CNR4092218"",""CID5726360"",16,Completed,2024-07-29,00:00:12,Tughlakabad,Meerut,14.00,724.00,Cash,4,5.90,15.50
136,""CNR8034979"",""CID1915443"",17,Completed,2024-08-09,00:00:16,"Kashmere Gate",Karkarduma,47.30,749.00,UPI,4,8.00,25.30
137,""CNR7228014"",""CID3515824"",1,"No Driver Found",2024-08-15,00:00:22,Madipur,Saket,0.00,0.00,"Não informado",0,8.49,29.14
138,""CNR1435581"",""CID1856576"",6,Completed,2024-10-02,00:00:09,"Shastri Park","Barakhamba Road",14.59,244.00,UPI,5,11.50,37.40
139,""CNR5373942"",""CID7792143"",8,"No Driver Found",2024-05-12,00:00:01,Nawada,Jahangirpuri,0.00,0.00,"Não informado",0,8.49,29.14
140,""CNR3434703"",""CID3333217"",8,Incomplete,2024-02-20,00:00:18,Shahdara,Bhiwadi,8.68,351.00,UPI,0,2.60,22.80
141,""CNR6987620"",""CID3121337"",3,Completed,2024-05-26,00:00:20,"Tilak Nagar",Azadpur,34.14,585.00,"Debit Card",4,5.40,28.90
142,""CNR4132145"",""CID5140786"",6,Completed,2024-12-24,00:00:10,"DLF Phase 3","Udyog Vihar Phase 4",31.79,554.00,Cash,5,6.40,44.70
143,""CNR8207805"",""CID6685791"",5,Completed,2024-06-07,00:00:17,"Laxmi Nagar","Sohna Road",25.01,803.00,"Credit Card",5,10.80,28.50
144,""CNR1438443"",""CID5468663"",7,Completed,2024-04-28,00:00:19,"Huda City Centre",Akshardham,17.56,388.00,UPI,5,9.40,24.80
145,""CNR6129081"",""CID2998238"",13,"Cancelled by Customer",2024-01-26,00:00:18,"Shastri Nagar","Shivaji Park",0.00,0.00,"Não informado",0,7.00,29.14
146,""CNR1361929"",""CID9052724"",23,Completed,2024-01-18,00:00:23,"Uttam Nagar","Greater Kailash",48.96,192.00,UPI,5,11.20,38.50
147,""CNR2687237"",""CID4887972"",7,Completed,2024-04-15,00:00:19,Mehrauli,Nawada,32.91,79.00,"Uber Wallet",4,9.00,39.10
148,""CNR7486337"",""CID8581638"",15,"No Driver Found",2024-12-19,00:00:20,"Mansarovar Park",Manesar,0.00,0.00,"Não informado",0,8.49,29.14
149,""CNR4269906"",""CID9683944"",5,Completed,2024-01-22,00:00:18,"Lajpat Nagar",Okhla,45.70,242.00,UPI,5,2.40,26.60
150,""CNR1224347"",""CID5493342"",2,"Cancelled by Customer",2024-08-08,00:00:21,"Patel Chowk","Nirman Vihar",0.00,0.00,"Não informado",0,13.40,29.14
151,""CNR1401386"",""CID2154950"",7,Completed,2024-05-21,00:00:20,"Botanical Garden",Azadpur,38.32,323.00,"Uber Wallet",4,5.40,32.60
152,""CNR2013487"",""CID4175153"",8,"Cancelled by Driver",2024-08-17,00:00:12,Bahadurgarh,"Pragati Maidan",0.00,0.00,"Não informado",0,7.70,29.14
153,""CNR7409512"",""CID5474366"",6,Completed,2024-06-02,00:00:21,"Karol Bagh","Palam Vihar",9.10,799.00,UPI,5,5.40,24.40
154,""CNR7658099"",""CID8951576"",1,"Cancelled by Customer",2024-03-11,00:00:22,Azadpur,"Raj Nagar Extension",0.00,0.00,"Não informado",0,19.10,29.14
155,""CNR1980045"",""CID9418411"",16,Completed,2024-11-20,00:00:16,"Ramesh Nagar","Greater Kailash",49.26,134.00,UPI,5,2.90,39.30
156,""CNR8584951"",""CID2820460"",15,"Cancelled by Driver",2024-10-23,00:00:10,"Malviya Nagar","Lajpat Nagar",0.00,0.00,"Não informado",0,3.90,29.14
157,""CNR2607733"",""CID5637874"",13,"Cancelled by Customer",2024-08-10,00:00:18,"Dwarka Sector 21","Malviya Nagar",0.00,0.00,"Não informado",0,18.50,29.14
158,""CNR6693847"",""CID6386344"",13,"Cancelled by Customer",2024-05-06,00:00:19,"Noida Film City","Keshav Puram",0.00,0.00,"Não informado",0,16.10,29.14
159,""CNR9749627"",""CID3065827"",10,Completed,2024-11-13,00:00:06,"Nirman Vihar","Satguru Ram Singh Marg",8.21,113.00,UPI,5,13.70,40.70
160,""CNR1706908"",""CID1807270"",15,Incomplete,2024-09-16,00:00:16,"Pragati Maidan","Faridabad Sector 15",16.09,84.00,"Uber Wallet",0,2.30,19.60
161,""CNR6236514"",""CID3761463"",6,Completed,2024-05-16,00:00:12,Tughlakabad,"Ramesh Nagar",11.94,81.00,UPI,5,12.10,32.50
162,""CNR9048385"",""CID5242973"",22,Completed,2024-02-15,00:00:19,"India Gate","Kashmere Gate",8.23,992.00,UPI,5,4.50,43.10
163,""CNR1903168"",""CID1051794"",16,Completed,2024-08-01,00:00:06,"Maidan Garhi","Samaypur Badli",49.50,513.00,UPI,5,3.60,26.50
164,""CNR2922907"",""CID4507250"",16,Completed,2024-05-02,00:00:19,"Barakhamba Road","Noida Film City",37.37,635.00,UPI,5,5.80,38.90
165,""CNR7621341"",""CID1429306"",11,Completed,2024-08-27,00:00:06,"Kashmere Gate","Jor Bagh",35.38,242.00,UPI,5,6.90,17.00
166,""CNR5803828"",""CID1039074"",5,Completed,2024-10-20,00:00:12,"Barakhamba Road","DLF City Court",34.81,1114.00,"Uber Wallet",4,12.50,20.60
167,""CNR4868713"",""CID2089650"",5,Completed,2024-06-25,00:00:23,"Gurgaon Sector 56","Cyber Hub",20.92,372.00,UPI,5,9.00,37.70
168,""CNR2575334"",""CID7330180"",13,"Cancelled by Driver",2024-02-13,00:00:06,"Ghitorni Village","Faridabad Sector 15",0.00,0.00,"Não informado",0,6.20,29.14
169,""CNR3841045"",""CID1210899"",7,Completed,2024-07-10,00:00:16,Ashram,"Yamuna Bank",23.39,387.00,"Uber Wallet",5,3.50,40.20
170,""CNR5265040"",""CID3076700"",22,Completed,2024-06-10,00:00:07,"Gurgaon Sector 29","Mansarovar Park",30.82,767.00,UPI,5,7.10,31.60
171,""CNR8112878"",""CID4809063"",3,Completed,2024-07-11,00:00:14,Shahdara,Paharganj,21.31,447.00,UPI,4,7.10,24.40
172,""CNR4617937"",""CID7348314"",16,Completed,2024-06-20,00:00:07,Sultanpur,"Delhi Gate",20.41,500.00,"Credit Card",5,6.70,33.50
173,""CNR7311169"",""CID2529885"",1,"Cancelled by Driver",2024-11-18,00:00:16,"Noida Film City","Vasant Kunj",0.00,0.00,"Não informado",0,7.20,29.14
174,""CNR7340396"",""CID7334750"",9,Completed,2024-03-05,00:00:12,"Gurgaon Sector 29","Dilshad Garden",25.94,446.00,"Debit Card",4,3.70,38.90
175,""CNR4259279"",""CID7993999"",1,"Cancelled by Driver",2024-01-12,00:00:09,"Jor Bagh","Golf Course Road",0.00,0.00,"Não informado",0,11.60,29.14
176,""CNR7554746"",""CID3234126"",17,Completed,2024-05-17,00:00:01,"Huda City Centre","Aya Nagar",39.16,125.00,UPI,5,2.60,32.90
177,""CNR9430550"",""CID3901448"",10,Completed,2024-05-13,00:00:21,"Dilshad Garden","Subhash Nagar",23.79,419.00,"Uber Wallet",5,11.40,17.20
178,""CNR9984761"",""CID1201304"",2,"Cancelled by Driver",2024-01-04,00:00:06,Saket,"Old Gurgaon",0.00,0.00,"Não informado",0,3.30,29.14
179,""CNR4112922"",""CID8248967"",22,Completed,2024-06-19,00:00:22,"Basai Dhankot","Qutub Minar",41.93,477.00,Cash,5,4.70,17.70
180,""CNR5939223"",""CID1109267"",2,"Cancelled by Driver",2024-07-01,00:00:18,"Basai Dhankot","Mandi House",0.00,0.00,"Não informado",0,5.80,29.14
181,""CNR7645307"",""CID6238168"",2,"Cancelled by Driver",2024-11-05,00:00:17,"Jor Bagh","Sadar Bazar Gurgaon",0.00,0.00,"Não informado",0,8.00,29.14
182,""CNR4722464"",""CID7557487"",6,Completed,2024-04-26,00:00:21,"Anand Vihar","IMT Manesar",6.71,352.00,UPI,5,11.30,33.00
183,""CNR3191144"",""CID5636263"",13,"Cancelled by Driver",2024-02-22,00:00:22,Ashram,Bhiwadi,0.00,0.00,"Não informado",0,11.10,29.14
184,""CNR4720063"",""CID1461597"",22,Completed,2024-12-04,00:00:14,Munirka,"Sushant Lok",15.63,117.00,UPI,5,7.40,39.00
185,""CNR6216825"",""CID3685295"",2,"Cancelled by Driver",2024-11-10,00:00:09,Vishwavidyalaya,"Bhikaji Cama Place",0.00,0.00,"Não informado",0,9.40,29.14
186,""CNR5314934"",""CID1026547"",22,Completed,2024-12-12,00:00:12,"Tis Hazari",Arjangarh,29.80,51.00,UPI,4,9.30,28.50
187,""CNR5517193"",""CID9143442"",24,Completed,2024-03-02,00:00:22,"Malviya Nagar","Sohna Road",5.59,81.00,Cash,4,6.00,26.60
188,""CNR8412946"",""CID7723858"",15,"Cancelled by Driver",2024-07-12,00:00:16,Nawada,"Hero Honda Chowk",0.00,0.00,"Não informado",0,8.20,29.14
189,""CNR1867567"",""CID6010303"",12,Incomplete,2024-12-17,00:00:19,"Qutub Minar",Ghitorni,6.57,635.00,UPI,0,7.20,18.40
190,""CNR3455701"",""CID9643714"",5,Completed,2024-08-29,00:00:21,Munirka,"Tis Hazari",4.44,51.00,"Uber Wallet",5,13.50,41.80
191,""CNR5149854"",""CID9975388"",10,Completed,2024-03-25,00:00:18,Akshardham,"IGNOU Road",26.93,469.00,UPI,5,4.90,33.00
192,""CNR6027511"",""CID6080643"",5,Completed,2024-06-30,00:00:21,"Udyog Vihar Phase 4","Greater Kailash",28.78,320.00,UPI,5,9.90,22.00
193,""CNR4569804"",""CID8474448"",7,Completed,2024-07-18,00:00:02,"Raj Nagar Extension","IMT Manesar",12.98,726.00,"Debit Card",4,13.30,24.60
194,""CNR7585582"",""CID1607386"",8,Incomplete,2024-03-14,00:00:23,Ghitorni,"Noida Film City",19.06,68.00,Cash,0,2.00,10.30
195,""CNR5534901"",""CID9231793"",1,Incomplete,2024-09-26,00:00:12,Akshardham,"Keshav Puram",14.00,136.00,"Debit Card",0,4.40,15.70
196,""CNR5784218"",""CID1814194"",10,Completed,2024-09-15,00:00:20,Nawada,"New Delhi Railway Station",43.06,455.00,UPI,4,8.80,16.80
197,""CNR6349771"",""CID5577961"",3,Completed,2024-05-12,00:00:10,"Lajpat Nagar","Shivaji Park",38.96,995.00,"Debit Card",5,2.60,22.20
198,""CNR3708287"",""CID2958217"",24,Completed,2024-11-16,00:00:19,"Aya Nagar",Meerut,18.87,1179.00,"Uber Wallet",5,2.70,25.80
199,""CNR8365625"",""CID4463605"",5,Completed,2024-07-19,00:00:16,"Lok Kalyan Marg","Maidan Garhi",47.88,525.00,"Uber Wallet",5,11.00,33.10
200,""CNR7435840"",""CID9084957"",8,"Cancelled by Driver",2024-12-02,00:00:20,Nawada,Pulbangash,0.00,0.00,"Não informado",0,11.30,29.14
201,""CNR8577529"",""CID8121948"",8,"Cancelled by Driver",2024-08-08,00:00:14,"Punjabi Bagh",Badshahpur,0.00,0.00,"Não informado",0,6.90,29.14
202,""CNR6158921"",""CID4203688"",10,Completed,2024-09-15,00:00:22,"Ramesh Nagar","Keshav Puram",5.70,300.00,UPI,5,5.10,27.90
203,""CNR7484371"",""CID7265108"",25,Completed,2024-05-30,00:00:18,"Maidan Garhi","Sarai Kale Khan",4.62,202.00,UPI,4,11.10,18.40
204,""CNR9301716"",""CID4647277"",16,Completed,2024-12-05,00:00:07,"Greater Kailash","Green Park",42.26,475.00,Cash,4,6.30,34.10
205,""CNR6511558"",""CID5808222"",10,Completed,2024-07-16,00:00:19,"Sarojini Nagar",Saidulajab,19.49,833.00,"Debit Card",3,6.10,17.00
206,""CNR1801249"",""CID2012161"",2,"Cancelled by Driver",2024-06-14,00:00:16,"Satguru Ram Singh Marg","Kashmere Gate",0.00,0.00,"Não informado",0,3.90,29.14
207,""CNR5712520"",""CID8152575"",7,Completed,2024-01-06,00:00:20,"Palam Vihar",Shahdara,40.36,158.00,UPI,5,7.30,33.10
208,""CNR1038498"",""CID6242930"",21,Completed,2024-02-28,00:00:03,"GTB Nagar","Palam Vihar",42.59,155.00,Cash,3,10.00,36.90
209,""CNR2395349"",""CID3389825"",8,"Cancelled by Driver",2024-04-26,00:00:18,"Vatika Chowk",Pulbangash,0.00,0.00,"Não informado",0,9.30,29.14
210,""CNR4896767"",""CID6418422"",6,Completed,2024-03-31,00:00:08,"Cyber Hub",Mundka,21.68,107.00,UPI,5,10.50,33.90
211,""CNR5047025"",""CID6365387"",9,Completed,2024-04-04,00:00:16,"Adarsh Nagar","Rohini West",29.90,151.00,UPI,5,6.80,22.40
212,""CNR7514462"",""CID5973257"",7,Completed,2024-05-07,00:00:21,"Golf Course Road","Bhikaji Cama Place",42.27,187.00,Cash,5,10.70,30.40
213,""CNR5269641"",""CID8225890"",7,Completed,2024-06-15,00:00:19,"IIT Delhi","Basai Dhankot",49.71,1543.00,Cash,5,12.30,34.60
214,""CNR9927786"",""CID8378909"",17,Completed,2024-06-14,00:00:20,"Punjabi Bagh","Gurgaon Sector 56",32.56,432.00,UPI,5,3.80,20.20
215,""CNR9619867"",""CID9032039"",2,"Cancelled by Customer",2024-03-04,00:00:21,"Civil Lines Gurgaon","Moti Nagar",0.00,0.00,"Não informado",0,10.20,29.14
216,""CNR7250271"",""CID9448818"",2,Incomplete,2024-01-23,00:00:10,"Udyog Vihar Phase 4","Anand Vihar ISBT",14.49,195.00,"Uber Wallet",0,4.40,23.60
217,""CNR5629774"",""CID8747096"",9,Completed,2024-10-28,00:00:15,Ghaziabad,"Udyog Vihar",31.49,54.00,Cash,5,3.20,30.80
218,""CNR4578797"",""CID1104786"",6,Completed,2024-02-06,00:00:10,Narsinghpur,"Maidan Garhi",21.28,939.00,UPI,5,13.40,20.00
219,""CNR5277125"",""CID7166980"",3,Completed,2024-12-04,00:00:07,"MG Road","GTB Nagar",34.14,829.00,UPI,4,9.80,43.40
220,""CNR2343017"",""CID9190683"",3,Completed,2024-12-22,00:00:17,"Panchsheel Park","Gwal Pahari",20.66,314.00,UPI,4,8.70,27.20
221,""CNR4356773"",""CID9031824"",10,Completed,2024-08-24,00:00:21,Badarpur,"Tis Hazari",24.60,1249.00,Cash,4,11.70,30.50
222,""CNR1050716"",""CID3789359"",6,Completed,2024-09-18,00:00:08,"Gurgaon Sector 29","South Extension",27.94,437.00,UPI,5,4.50,27.40
223,""CNR7850961"",""CID5103518"",9,Completed,2024-10-22,00:00:08,"Dwarka Sector 21",Moolchand,44.57,83.00,UPI,5,9.60,28.10
224,""CNR1254363"",""CID9092173"",6,Completed,2024-06-16,00:00:06,"Greater Kailash","Raj Nagar Extension",15.43,1444.00,Cash,3,14.20,15.70
225,""CNR6569789"",""CID3372949"",15,"Cancelled by Driver",2024-12-22,00:00:09,"Pataudi Chowk",Meerut,0.00,0.00,"Não informado",0,6.50,29.14
226,""CNR6092310"",""CID4998701"",12,"No Driver Found",2024-07-02,00:00:15,Bahadurgarh,"Uttam Nagar",0.00,0.00,"Não informado",0,8.49,29.14
227,""CNR2742692"",""CID6825812"",5,Completed,2024-09-07,00:00:04,"Gwal Pahari","Golf Course Road",42.88,1368.00,Cash,4,5.80,31.40
228,""CNR7165550"",""CID7694379"",13,"No Driver Found",2024-07-05,00:00:06,"Punjabi Bagh","Ghitorni Village",0.00,0.00,"Não informado",0,8.49,29.14
229,""CNR9101826"",""CID1875498"",6,Completed,2024-05-03,00:00:21,"Tagore Garden",Narsinghpur,23.31,418.00,UPI,5,7.10,18.00
230,""CNR7054338"",""CID5302286"",16,Completed,2024-04-10,00:00:19,"Samaypur Badli","IGNOU Road",31.36,363.00,UPI,4,11.00,40.00
231,""CNR5871454"",""CID8316899"",7,Completed,2024-02-06,00:00:09,AIIMS,"Chandni Chowk",16.68,279.00,Cash,5,12.80,15.30
232,""CNR4399523"",""CID2089022"",7,Completed,2024-04-22,00:00:17,"Hero Honda Chowk",AIIMS,49.06,332.00,Cash,5,5.10,39.90
233,""CNR9707820"",""CID2183387"",6,Completed,2024-09-25,00:00:18,"Delhi Gate","Gurgaon Sector 29",28.34,448.00,UPI,5,4.70,37.90
234,""CNR2693001"",""CID1889689"",13,"Cancelled by Customer",2024-07-08,00:00:18,"Rohini West",Peeragarhi,0.00,0.00,"Não informado",0,11.20,29.14
235,""CNR3363167"",""CID8741995"",10,Completed,2024-06-04,00:00:15,Badarpur,"Ambience Mall",38.65,64.00,UPI,5,12.90,29.70
236,""CNR9573367"",""CID7080252"",22,Completed,2024-12-10,00:00:14,"Mandi House",Rohini,3.05,682.00,UPI,4,4.20,18.90
237,""CNR4563554"",""CID3656786"",15,"No Driver Found",2024-07-27,00:00:10,Chanakyapuri,Munirka,0.00,0.00,"Não informado",0,8.49,29.14
238,""CNR3121090"",""CID1670641"",7,Completed,2024-07-13,00:00:02,"Mandi House","India Gate",41.81,488.00,UPI,4,5.20,37.80
239,""CNR2969701"",""CID1401223"",8,"Cancelled by Customer",2024-06-14,00:00:11,"Delhi Gate","Chandni Chowk",0.00,0.00,"Não informado",0,16.90,29.14
240,""CNR3590282"",""CID7281467"",22,Completed,2024-10-16,00:00:21,"Barakhamba Road",Ghaziabad,31.28,953.00,Cash,5,3.90,40.60
241,""CNR5792733"",""CID2894784"",10,Completed,2024-05-05,00:00:19,"Jor Bagh",Azadpur,34.50,965.00,UPI,4,9.90,15.60
242,""CNR7417036"",""CID8283589"",10,Completed,2024-02-18,00:00:16,"Khan Market","Green Park",13.10,405.00,"Credit Card",5,10.00,40.60
243,""CNR7957879"",""CID3277993"",8,"No Driver Found",2024-08-14,00:00:14,"Satguru Ram Singh Marg",Sikanderpur,0.00,0.00,"Não informado",0,8.49,29.14
244,""CNR3649243"",""CID2049171"",15,"Cancelled by Driver",2024-03-07,00:00:10,Meerut,"Vasant Kunj",0.00,0.00,"Não informado",0,10.20,29.14
245,""CNR8918353"",""CID4955715"",10,Completed,2024-08-29,00:00:17,"Udyog Vihar Phase 4",Kalkaji,9.93,423.00,UPI,5,5.00,23.70
246,""CNR1343265"",""CID2749175"",2,"Cancelled by Customer",2024-06-28,00:00:23,"RK Puram",Panipat,0.00,0.00,"Não informado",0,11.90,29.14
247,""CNR1390232"",""CID6307524"",8,"No Driver Found",2024-12-24,00:00:10,"GTB Nagar",Jasola,0.00,0.00,"Não informado",0,8.49,29.14
248,""CNR3047231"",""CID5464558"",6,Completed,2024-05-25,00:00:08,Akshardham,Bahadurgarh,31.93,264.00,UPI,4,11.10,31.90
249,""CNR5380412"",""CID8125937"",7,Completed,2024-02-01,00:00:09,"Shivaji Park","Hauz Khas",34.73,249.00,UPI,5,11.20,31.30
250,""CNR4886117"",""CID2026490"",3,Completed,2024-03-10,00:00:21,Jasola,"Delhi Gate",31.51,628.00,Cash,5,13.50,32.90
251,""CNR1155206"",""CID3865002"",18,Incomplete,2024-03-03,00:00:13,"IMT Manesar","Lok Kalyan Marg",14.46,110.00,UPI,0,4.10,19.70
252,""CNR7623737"",""CID6954811"",1,"Cancelled by Driver",2024-10-26,00:00:13,"Gurgaon Sector 56","Pragati Maidan",0.00,0.00,"Não informado",0,9.30,29.14
253,""CNR5468556"",""CID4533250"",21,Completed,2024-07-11,00:00:20,"Udyog Bhawan",Mundka,10.27,190.00,UPI,5,7.70,15.90
254,""CNR8037805"",""CID2099192"",16,Completed,2024-04-04,00:00:08,"Rajiv Chowk",Okhla,46.07,264.00,"Uber Wallet",3,5.20,23.10
255,""CNR5137585"",""CID3906781"",2,"Cancelled by Customer",2024-09-06,00:00:16,Badarpur,Vaishali,0.00,0.00,"Não informado",0,7.60,29.14
256,""CNR5622847"",""CID7679264"",5,Completed,2024-12-20,00:00:10,Panipat,"New Colony",45.51,147.00,UPI,5,10.00,37.30
257,""CNR4461457"",""CID8192836"",15,"No Driver Found",2024-07-04,00:00:11,"Noida Film City","Kirti Nagar",0.00,0.00,"Não informado",0,8.49,29.14
258,""CNR3788830"",""CID1892630"",6,Completed,2024-09-25,00:00:15,"Vidhan Sabha",Kaushambi,34.90,953.00,UPI,5,4.40,28.10
259,""CNR8254837"",""CID5350125"",7,Completed,2024-10-17,00:00:17,AIIMS,"Ashok Park Main",30.87,654.00,Cash,5,14.90,20.90
260,""CNR5483670"",""CID3570152"",10,Completed,2024-06-01,00:00:08,"Panchsheel Park","Sarai Kale Khan",37.07,427.00,Cash,5,8.40,19.70
261,""CNR7372127"",""CID2108992"",15,"Cancelled by Driver",2024-12-25,00:00:05,"Udyog Bhawan","Civil Lines Gurgaon",0.00,0.00,"Não informado",0,11.80,29.14
262,""CNR5166870"",""CID9712348"",6,Completed,2024-07-04,00:00:08,"Keshav Puram","Mayur Vihar",35.38,610.00,"Uber Wallet",4,5.80,25.50
263,""CNR1915557"",""CID8572565"",5,Completed,2024-04-23,00:00:11,"Pragati Maidan","Raj Nagar Extension",19.61,648.00,UPI,5,7.10,42.50
264,""CNR3460247"",""CID7449191"",26,Completed,2024-02-11,00:00:18,"Punjabi Bagh","Green Park",23.82,792.00,Cash,4,8.80,40.40
265,""CNR8192412"",""CID3617414"",7,Completed,2024-04-28,00:00:14,"Keshav Puram",Tughlakabad,39.98,676.00,UPI,5,13.60,29.80
266,""CNR7439127"",""CID2424398"",5,Completed,2024-03-22,00:00:21,"Raj Nagar Extension",Moolchand,27.16,389.00,"Uber Wallet",4,5.10,22.40
267,""CNR3712135"",""CID7174383"",16,Completed,2024-04-28,00:00:07,Jhilmil,"Malviya Nagar",48.45,74.00,"Uber Wallet",4,11.40,42.60
268,""CNR1675599"",""CID9232923"",8,"Cancelled by Driver",2024-05-01,00:00:09,"Saket A Block","Old Gurgaon",0.00,0.00,"Não informado",0,8.20,29.14
269,""CNR1935772"",""CID2909332"",2,"Cancelled by Driver",2024-01-12,00:00:18,"Central Secretariat",Janakpuri,0.00,0.00,"Não informado",0,10.80,29.14
270,""CNR4730676"",""CID5429248"",6,Completed,2024-05-07,00:00:20,"Noida Sector 18","Malviya Nagar",25.05,465.00,"Credit Card",5,9.40,41.60
271,""CNR6139544"",""CID9812979"",6,Completed,2024-08-27,00:00:09,"Khan Market","New Delhi Railway Station",40.21,932.00,UPI,4,5.30,43.60
272,""CNR3805926"",""CID1837528"",16,Completed,2024-04-03,00:00:19,ITO,"Noida Film City",44.48,191.00,Cash,5,10.80,33.70
273,""CNR5129655"",""CID6449078"",5,Completed,2024-04-21,00:00:12,"India Gate","Shastri Nagar",6.82,770.00,UPI,5,5.20,34.90
274,""CNR8725828"",""CID5970413"",7,Completed,2024-09-15,00:00:19,Indraprastha,"IGI Airport",16.21,514.00,UPI,4,14.30,23.40
275,""CNR6557966"",""CID9646686"",15,"Cancelled by Driver",2024-05-14,00:00:14,Jasola,Rohini,0.00,0.00,"Não informado",0,11.70,29.14
276,""CNR5403690"",""CID2856626"",10,Completed,2024-09-18,00:00:18,"Botanical Garden","Mansarovar Park",12.90,349.00,UPI,5,11.70,17.30
277,""CNR4969264"",""CID8159457"",15,"Cancelled by Driver",2024-07-27,00:00:21,Narsinghpur,Inderlok,0.00,0.00,"Não informado",0,10.10,29.14
278,""CNR6028710"",""CID1715075"",17,Completed,2024-10-07,00:00:16,Janakpuri,"Golf Course Road",12.22,267.00,Cash,4,9.20,41.20
279,""CNR3761377"",""CID2461173"",1,"No Driver Found",2024-11-19,00:00:07,"Ashok Park Main","Lok Kalyan Marg",0.00,0.00,"Não informado",0,8.49,29.14
280,""CNR2650074"",""CID5603156"",7,Completed,2024-06-27,00:00:17,"Samaypur Badli",Ghitorni,3.95,325.00,UPI,5,4.40,37.00
281,""CNR7381283"",""CID8868738"",10,Completed,2024-03-16,00:00:19,"Laxmi Nagar","Pragati Maidan",42.87,156.00,Cash,4,4.30,15.60
282,""CNR2531495"",""CID7656183"",5,Completed,2024-06-16,00:00:21,"Lok Kalyan Marg","IGNOU Road",39.84,689.00,UPI,5,5.20,27.30
283,""CNR1939605"",""CID1229469"",6,Completed,2024-04-13,00:00:11,Munirka,Pulbangash,4.19,491.00,"Credit Card",4,13.60,40.40
284,""CNR5149041"",""CID6951861"",10,Completed,2024-08-09,00:00:03,"Noida Sector 18","Tilak Nagar",6.18,304.00,"Credit Card",4,10.10,32.50
285,""CNR7041241"",""CID1368334"",15,"Cancelled by Driver",2024-11-28,00:00:20,"Gwal Pahari","Rohini East",0.00,0.00,"Não informado",0,12.00,29.14
286,""CNR8035160"",""CID5283020"",8,"Cancelled by Customer",2024-08-30,00:00:19,"Connaught Place","Uttam Nagar",0.00,0.00,"Não informado",0,12.60,29.14
287,""CNR1918341"",""CID7417050"",3,Completed,2024-07-11,00:00:20,Pitampura,"Paschim Vihar",4.56,697.00,UPI,5,14.80,44.40
288,""CNR9600846"",""CID8949589"",6,Completed,2024-07-25,00:00:19,"Udyog Bhawan",Janakpuri,47.56,679.00,UPI,5,3.80,20.10
289,""CNR2775291"",""CID9116623"",12,Incomplete,2024-08-17,00:00:18,Jahangirpuri,Indirapuram,14.65,713.00,Cash,0,2.90,18.00
290,""CNR4263854"",""CID3967495"",2,"Cancelled by Driver",2024-02-18,00:00:18,Tughlakabad,"Vidhan Sabha",0.00,0.00,"Não informado",0,8.60,29.14
291,""CNR4635401"",""CID3741723"",9,Completed,2024-06-16,00:00:10,"Anand Vihar","Gurgaon Sector 56",32.15,683.00,UPI,4,10.00,18.50
292,""CNR2135475"",""CID8123696"",10,Completed,2024-07-08,00:00:21,"Vatika Chowk",Paharganj,23.50,91.00,UPI,4,7.80,36.40
293,""CNR2438435"",""CID7928240"",1,Incomplete,2024-02-26,00:00:14,"Central Secretariat",Sikanderpur,16.61,396.00,UPI,0,3.10,12.40
294,""CNR2068345"",""CID1975343"",10,Completed,2024-02-28,00:00:16,Govindpuri,Kalkaji,18.14,769.00,Cash,4,8.50,35.70
295,""CNR6107939"",""CID3244272"",5,Completed,2024-12-27,00:00:01,Welcome,"DLF Phase 3",31.10,323.00,"Uber Wallet",5,2.30,16.40
296,""CNR6577172"",""CID5963264"",12,Incomplete,2024-12-06,00:00:16,"Preet Vihar",Mehrauli,3.74,627.00,"Uber Wallet",0,3.60,27.70
297,""CNR1957129"",""CID5761924"",3,Completed,2024-05-13,00:00:18,"Noida Extension","Old Gurgaon",13.99,134.00,Cash,4,12.90,26.00
298,""CNR1531092"",""CID7911273"",9,Completed,2024-05-09,00:00:17,"Kanhaiya Nagar","Satguru Ram Singh Marg",5.04,940.00,"Credit Card",5,12.10,33.60
299,""CNR6891932"",""CID1466189"",1,"No Driver Found",2024-11-19,00:00:21,Seelampur,"Udyog Bhawan",0.00,0.00,"Não informado",0,8.49,29.14
300,""CNR2192659"",""CID5227340"",6,Completed,2024-04-04,00:00:14,"Anand Vihar","Chirag Delhi",36.18,266.00,"Uber Wallet",4,9.60,26.20
301,""CNR6262174"",""CID4943288"",3,Completed,2024-11-19,00:00:20,Mehrauli,"Karol Bagh",13.21,484.00,"Uber Wallet",4,8.10,26.40
302,""CNR7791863"",""CID1873624"",10,Completed,2024-06-04,00:00:20,Indirapuram,"Noida Sector 62",6.06,250.00,Cash,5,5.60,19.20
303,""CNR8243301"",""CID7666967"",8,"Cancelled by Driver",2024-08-13,00:00:13,"IGI Airport","Civil Lines Gurgaon",0.00,0.00,"Não informado",0,9.30,29.14
304,""CNR9897424"",""CID8433669"",13,Incomplete,2024-12-25,00:00:11,Saket,"Noida Extension",14.61,361.00,UPI,0,8.80,20.00
305,""CNR5745004"",""CID8137475"",9,Completed,2024-06-30,00:00:11,"Basai Dhankot","Shivaji Park",48.08,224.00,Cash,5,2.60,21.00
306,""CNR9659819"",""CID5653812"",15,"Cancelled by Customer",2024-01-20,00:00:21,"Huda City Centre","Hauz Rani",0.00,0.00,"Não informado",0,8.50,29.14
307,""CNR8084453"",""CID5057901"",16,Completed,2024-04-10,00:00:11,"Vatika Chowk",Saidulajab,39.51,669.00,Cash,4,12.80,36.80
308,""CNR6574173"",""CID6454968"",2,"Cancelled by Customer",2024-07-28,00:00:09,"Gurgaon Sector 29","Kherki Daula Toll",0.00,0.00,"Não informado",0,8.70,29.14
309,""CNR4467044"",""CID9935423"",8,"Cancelled by Driver",2024-08-04,00:00:08,Kalkaji,"INA Market",0.00,0.00,"Não informado",0,8.80,29.14
310,""CNR3334608"",""CID2336782"",7,Completed,2024-08-05,00:00:15,"GTB Nagar",Kalkaji,7.83,207.00,"Uber Wallet",4,5.20,31.70
311,""CNR3901250"",""CID4369282"",10,Completed,2024-08-16,00:00:12,"Rajiv Nagar",Meerut,12.34,227.00,Cash,3,13.20,35.80
312,""CNR3899180"",""CID3915373"",16,Completed,2024-03-21,00:00:01,"Panchsheel Park","Yamuna Bank",36.70,771.00,UPI,5,2.30,33.80
313,""CNR7686844"",""CID4485200"",8,"Cancelled by Driver",2024-04-29,00:00:22,Sonipat,"GTB Nagar",0.00,0.00,"Não informado",0,9.10,29.14
314,""CNR7619619"",""CID9964707"",3,Completed,2024-05-06,00:00:13,"Sadar Bazar Gurgaon",Chanakyapuri,31.50,441.00,"Uber Wallet",3,14.20,26.40
315,""CNR3128056"",""CID1669827"",2,"Cancelled by Driver",2024-09-13,00:00:15,"Netaji Subhash Place","Kashmere Gate ISBT",0.00,0.00,"Não informado",0,11.20,29.14
316,""CNR2415257"",""CID6909825"",16,Completed,2024-05-18,00:00:06,"Lajpat Nagar",Rohini,4.26,788.00,UPI,5,12.40,21.60
317,""CNR9756448"",""CID6952097"",3,Completed,2024-10-06,00:00:21,Indraprastha,Panipat,46.74,459.00,UPI,5,13.30,41.60
318,""CNR5071968"",""CID7384045"",22,Completed,2024-10-10,00:00:03,"Panchsheel Park","Yamuna Bank",48.35,473.00,Cash,4,4.70,42.50
319,""CNR9262105"",""CID3597216"",5,Completed,2024-05-14,00:00:06,"Noida Sector 62","DLF City Court",49.87,503.00,Cash,5,14.50,19.80
320,""CNR6026973"",""CID7000290"",7,Completed,2024-12-28,00:00:15,Badarpur,"Botanical Garden",22.67,586.00,UPI,4,5.40,18.20
321,""CNR6798581"",""CID4412829"",8,"Cancelled by Driver",2024-11-11,00:00:16,"South Extension","Hauz Rani",0.00,0.00,"Não informado",0,8.10,29.14
322,""CNR1511311"",""CID3430917"",13,"Cancelled by Driver",2024-08-20,00:00:09,Sikanderpur,"INA Market",0.00,0.00,"Não informado",0,7.40,29.14
323,""CNR1690974"",""CID5614686"",9,Completed,2024-05-29,00:00:22,"Preet Vihar","Cyber Hub",45.17,236.00,UPI,3,11.50,25.40
324,""CNR2405566"",""CID2765782"",9,Completed,2024-11-19,00:00:17,Kadarpur,"Maidan Garhi",23.07,73.00,UPI,4,11.60,28.40
325,""CNR5503992"",""CID3215242"",4,Completed,2024-11-27,00:00:08,"Malviya Nagar","Nehru Place",4.08,355.00,Cash,3,3.10,44.80
326,""CNR5487256"",""CID2154074"",6,Completed,2024-10-02,00:00:02,Pitampura,"Yamuna Bank",41.97,663.00,UPI,4,11.10,23.60
327,""CNR9280980"",""CID4697642"",6,Completed,2024-04-13,00:00:18,Kalkaji,Sultanpur,38.82,886.00,UPI,4,2.60,39.60
328,""CNR5735365"",""CID4330019"",6,Completed,2024-12-29,00:00:19,"Anand Vihar ISBT","Hauz Khas",30.40,292.00,Cash,4,7.20,37.70
329,""CNR7094496"",""CID1193764"",6,Completed,2024-06-05,00:00:10,"Gurgaon Sector 29","Rajouri Garden",19.78,564.00,UPI,4,2.00,37.30
330,""CNR8674052"",""CID9232244"",13,"Cancelled by Driver",2024-04-08,00:00:18,"Noida Film City","Jama Masjid",0.00,0.00,"Não informado",0,8.70,29.14
331,""CNR3317899"",""CID7292132"",7,Completed,2024-05-26,00:00:20,"Hero Honda Chowk","Satguru Ram Singh Marg",47.20,619.00,Cash,4,11.30,39.80
332,""CNR7648257"",""CID6260946"",9,Completed,2024-10-03,00:00:09,"Khan Market",AIIMS,17.43,963.00,"Uber Wallet",4,2.70,28.40
333,""CNR9887499"",""CID4896073"",6,Completed,2024-07-23,00:00:01,Jahangirpuri,"Rajiv Nagar",14.43,427.00,UPI,5,4.80,33.60
334,""CNR5899408"",""CID6731666"",3,Completed,2024-10-09,00:00:02,Chhatarpur,"Vatika Chowk",22.92,60.00,Cash,4,4.40,42.40
335,""CNR4090725"",""CID9333845"",26,Completed,2024-11-06,00:00:13,"Dilshad Garden","Laxmi Nagar",32.15,697.00,"Debit Card",4,8.00,29.00
336,""CNR7912140"",""CID2721563"",9,Completed,2024-02-17,00:00:11,Arjangarh,"GTB Nagar",43.08,953.00,UPI,5,8.10,35.40
337,""CNR1149573"",""CID4850979"",7,Completed,2024-08-19,00:00:16,"Chirag Delhi","IGNOU Road",48.91,342.00,Cash,5,5.90,37.30
338,""CNR9795191"",""CID7143989"",2,"Cancelled by Driver",2024-07-08,00:00:13,"Kashmere Gate ISBT","Jama Masjid",0.00,0.00,"Não informado",0,9.80,29.14
339,""CNR6845177"",""CID2910913"",7,Completed,2024-08-19,00:00:14,"Civil Lines Gurgaon","Sarai Kale Khan",32.46,935.00,"Uber Wallet",4,7.00,17.90
340,""CNR6115510"",""CID8805139"",3,Completed,2024-05-13,00:00:19,"IGNOU Road",Tughlakabad,11.44,566.00,"Debit Card",4,6.10,24.00
341,""CNR6859535"",""CID2960838"",5,Completed,2024-02-28,00:00:15,Sultanpur,"Netaji Subhash Place",42.18,459.00,"Credit Card",4,9.60,34.60
342,""CNR2514823"",""CID8542583"",8,"Cancelled by Customer",2024-03-05,00:00:13,"Laxmi Nagar","Lok Kalyan Marg",0.00,0.00,"Não informado",0,13.30,29.14
343,""CNR5197106"",""CID9447069"",2,"Cancelled by Driver",2024-11-10,00:00:10,"Dilshad Garden","Maidan Garhi",0.00,0.00,"Não informado",0,11.10,29.14
344,""CNR5958707"",""CID9250719"",7,Completed,2024-06-10,00:00:17,"South Extension",Sultanpur,40.16,401.00,UPI,4,5.20,18.30
345,""CNR7438691"",""CID6640597"",11,Completed,2024-07-13,00:00:20,"Tis Hazari","Noida Film City",4.01,509.00,Cash,5,4.70,34.80
346,""CNR4717203"",""CID4019303"",15,"Cancelled by Driver",2024-07-13,00:00:08,Nawada,"Ardee City",0.00,0.00,"Não informado",0,9.80,29.14
347,""CNR3871982"",""CID3385226"",27,Completed,2024-01-16,00:00:02,"Basai Dhankot","Chirag Delhi",15.59,905.00,UPI,5,10.30,41.20
348,""CNR7276252"",""CID4805819"",9,Completed,2024-05-30,00:00:16,"GTB Nagar",Ghitorni,47.72,312.00,Cash,4,10.80,16.50
349,""CNR8591450"",""CID5485762"",13,"No Driver Found",2024-07-04,00:00:17,"Vatika Chowk",Inderlok,0.00,0.00,"Não informado",0,8.49,29.14
350,""CNR2118165"",""CID4254404"",6,Completed,2024-05-09,00:00:09,Meerut,"Gurgaon Railway Station",34.36,103.00,UPI,5,11.60,20.90
351,""CNR1580852"",""CID1032196"",5,Completed,2024-02-04,00:00:21,Mundka,Moolchand,11.93,425.00,Cash,4,7.40,16.00
352,""CNR8400555"",""CID7803210"",16,Completed,2024-06-06,00:00:17,"Netaji Subhash Place","Mayur Vihar",42.82,309.00,UPI,5,11.30,44.80
353,""CNR2392283"",""CID7179926"",15,Incomplete,2024-07-30,00:00:21,"MG Road","Old Gurgaon",12.63,103.00,UPI,0,8.10,22.60
354,""CNR8799283"",""CID2914515"",6,Completed,2024-08-23,00:00:15,"Netaji Subhash Place","Vatika Chowk",43.14,379.00,UPI,4,8.00,23.60
355,""CNR7692801"",""CID4418657"",8,"Cancelled by Driver",2024-05-01,00:00:18,Manesar,"Malviya Nagar",0.00,0.00,"Não informado",0,6.40,29.14
356,""CNR8406654"",""CID3494610"",8,"No Driver Found",2024-03-18,00:00:17,"Gurgaon Sector 56","Greater Noida",0.00,0.00,"Não informado",0,8.49,29.14
357,""CNR5193961"",""CID3471193"",7,Completed,2024-09-16,00:00:12,"Green Park","Udyog Vihar Phase 4",40.59,623.00,UPI,4,9.60,39.80
358,""CNR9045710"",""CID9382079"",7,Completed,2024-12-25,00:00:18,"Gwal Pahari",Pitampura,20.32,743.00,Cash,5,14.30,19.60
359,""CNR1884447"",""CID3794502"",16,Completed,2024-07-25,00:00:14,"Cyber Hub",Narsinghpur,48.80,647.00,"Uber Wallet",4,2.10,23.10
360,""CNR5929425"",""CID8229428"",8,"Cancelled by Customer",2024-03-04,00:00:18,"Noida Sector 62",Jhilmil,0.00,0.00,"Não informado",0,14.10,29.14
361,""CNR3795914"",""CID2036541"",23,Completed,2024-10-30,00:00:03,"Pataudi Chowk","Golf Course Road",42.16,1364.00,Cash,3,7.30,30.10
362,""CNR5115903"",""CID1437336"",2,"Cancelled by Driver",2024-07-24,00:00:05,"Satguru Ram Singh Marg",Kaushambi,0.00,0.00,"Não informado",0,7.60,29.14
363,""CNR7223335"",""CID9786042"",15,"Cancelled by Driver",2024-05-13,00:00:17,Badarpur,"Ashok Vihar",0.00,0.00,"Não informado",0,6.80,29.14
364,""CNR3338595"",""CID3627391"",6,Completed,2024-09-29,00:00:19,Badshahpur,"Vatika Chowk",47.98,890.00,UPI,5,3.60,24.80
365,""CNR1610053"",""CID5372274"",10,Completed,2024-12-24,00:00:18,"Pragati Maidan","Tilak Nagar",46.78,162.00,Cash,3,5.10,44.00
366,""CNR4383491"",""CID5404553"",6,Completed,2024-11-23,00:00:14,"Jor Bagh","Shivaji Park",27.68,242.00,"Debit Card",5,14.60,42.30
367,""CNR4238002"",""CID6776646"",4,Completed,2024-02-22,00:00:19,Sikanderpur,Karkarduma,27.62,342.00,UPI,5,2.90,44.70
368,""CNR2471315"",""CID1296895"",7,Completed,2024-01-11,00:00:16,"Maidan Garhi","Ghitorni Village",17.92,316.00,UPI,5,5.20,26.20
369,""CNR7554909"",""CID2941890"",3,Completed,2024-08-26,00:00:21,"New Colony","RK Puram",30.53,1286.00,"Uber Wallet",4,2.70,34.60
370,""CNR4559667"",""CID2567945"",8,"Cancelled by Driver",2024-04-02,00:00:14,"Sarojini Nagar","Noida Extension",0.00,0.00,"Não informado",0,6.30,29.14
371,""CNR7943612"",""CID7051878"",13,Incomplete,2024-12-01,00:00:16,"Gurgaon Sector 56","Samaypur Badli",14.78,274.00,"Credit Card",0,2.50,18.90
372,""CNR9513281"",""CID8578287"",12,"No Driver Found",2024-02-05,00:00:19,"Raj Nagar Extension",Paharganj,0.00,0.00,"Não informado",0,8.49,29.14
373,""CNR3228885"",""CID3480522"",5,Completed,2024-03-06,00:00:18,Manesar,"Civil Lines Gurgaon",45.97,689.00,UPI,5,6.60,29.80
374,""CNR6838313"",""CID6286831"",8,"Cancelled by Driver",2024-09-22,00:00:15,Azadpur,"Connaught Place",0.00,0.00,"Não informado",0,5.00,29.14
375,""CNR7513763"",""CID5819264"",1,"Cancelled by Driver",2024-07-24,00:00:23,"Cyber Hub","IGI Airport",0.00,0.00,"Não informado",0,8.40,29.14
376,""CNR4249572"",""CID9658351"",4,Completed,2024-04-24,00:00:04,"Kashmere Gate","Gwal Pahari",24.06,504.00,"Uber Wallet",5,4.70,15.60
377,""CNR1730323"",""CID1295813"",10,Completed,2024-04-12,00:00:09,Jahangirpuri,Sultanpur,9.44,231.00,"Uber Wallet",5,10.80,17.60
378,""CNR3316127"",""CID1501533"",16,Completed,2024-12-28,00:00:03,"Mansarovar Park","IGNOU Road",24.98,824.00,UPI,4,15.00,29.10
379,""CNR5001450"",""CID4130652"",11,Completed,2024-09-09,00:00:21,"Khan Market","Tilak Nagar",10.78,478.00,"Uber Wallet",5,12.50,15.40
380,""CNR2994632"",""CID4528348"",5,Completed,2024-03-16,00:00:14,Panipat,Jasola,40.59,432.00,"Debit Card",4,6.90,29.70
381,""CNR8349332"",""CID1895189"",5,Completed,2024-04-30,00:00:11,Saket,Rohini,5.75,606.00,UPI,5,6.60,19.10
382,""CNR6785391"",""CID3192351"",14,Completed,2024-08-12,00:00:16,Sultanpur,Bahadurgarh,42.66,328.00,UPI,5,7.50,18.10
383,""CNR4239039"",""CID5633622"",12,"Cancelled by Customer",2024-10-21,00:00:06,Ghitorni,Chhatarpur,0.00,0.00,"Não informado",0,14.90,29.14
384,""CNR3942728"",""CID3899231"",16,Completed,2024-10-15,00:00:11,"Shastri Park","Rohini West",36.13,156.00,UPI,4,2.90,38.30
385,""CNR2282162"",""CID7242372"",22,Completed,2024-03-06,00:00:11,Rithala,"Noida Film City",44.08,105.00,"Credit Card",5,9.40,36.30
386,""CNR4677505"",""CID3339585"",2,"Cancelled by Driver",2024-05-07,00:00:11,Akshardham,"Delhi Gate",0.00,0.00,"Não informado",0,11.30,29.14
387,""CNR8185605"",""CID9816010"",2,"Cancelled by Customer",2024-07-28,00:00:20,"IFFCO Chowk",Sultanpur,0.00,0.00,"Não informado",0,16.90,29.14
388,""CNR5351433"",""CID4736469"",3,Completed,2024-01-24,00:00:10,"Huda City Centre",Karkarduma,35.76,213.00,"Debit Card",5,11.20,22.00
389,""CNR8880913"",""CID4302311"",21,Completed,2024-08-29,00:00:02,"Kashmere Gate ISBT","Rajiv Chowk",45.00,620.00,Cash,3,11.20,19.60
390,""CNR3643495"",""CID3072962"",13,"Cancelled by Driver",2024-02-07,00:00:21,"Laxmi Nagar",ITO,0.00,0.00,"Não informado",0,6.80,29.14
391,""CNR8399435"",""CID7010722"",7,Completed,2024-10-02,00:00:23,"South Extension","Vidhan Sabha",45.07,83.00,"Credit Card",4,11.60,21.90
392,""CNR5699093"",""CID6044294"",2,"Cancelled by Driver",2024-12-01,00:00:13,Badshahpur,"Green Park",0.00,0.00,"Não informado",0,9.70,29.14
393,""CNR1090037"",""CID2369298"",5,Completed,2024-12-30,00:00:17,"Ashok Vihar",Rohini,3.86,821.00,"Uber Wallet",5,7.60,41.60
394,""CNR1672620"",""CID9094427"",15,"Cancelled by Customer",2024-07-06,00:00:19,Jahangirpuri,"Cyber Hub",0.00,0.00,"Não informado",0,16.20,29.14
395,""CNR4811296"",""CID7470261"",19,Completed,2024-01-27,00:00:13,Pitampura,"Delhi Gate",49.18,176.00,UPI,5,4.80,44.80
396,""CNR6421218"",""CID2328704"",15,Incomplete,2024-12-26,00:00:07,Nawada,"Shastri Park",7.41,315.00,UPI,0,6.60,21.90
397,""CNR7297536"",""CID3104231"",3,Completed,2024-08-23,00:00:11,"DLF City Court",Pitampura,14.49,82.00,UPI,4,8.30,18.70
398,""CNR2290384"",""CID6067378"",11,Completed,2024-04-28,00:00:01,"Nehru Place","Rajiv Chowk",15.30,221.00,UPI,5,14.80,40.40
399,""CNR2229358"",""CID7586583"",12,"Cancelled by Customer",2024-03-07,00:00:12,"Pragati Maidan","Subhash Chowk",0.00,0.00,"Não informado",0,6.10,29.14
400,""CNR4246484"",""CID4625807"",1,"Cancelled by Driver",2024-01-02,00:00:09,Munirka,Saidulajab,0.00,0.00,"Não informado",0,9.10,29.14
401,""CNR9882850"",""CID8976182"",8,"Cancelled by Driver",2024-01-21,00:00:19,Vishwavidyalaya,Manesar,0.00,0.00,"Não informado",0,5.00,29.14
402,""CNR3234899"",""CID1908216"",5,Completed,2024-06-05,00:00:13,"Sohna Road","IGNOU Road",15.53,901.00,"Uber Wallet",5,14.10,30.20
403,""CNR9159821"",""CID7212119"",10,Completed,2024-02-14,00:00:14,"Saket A Block","Gurgaon Railway Station",6.84,1523.00,UPI,4,4.80,24.70
404,""CNR3377580"",""CID3773482"",8,"No Driver Found",2024-02-24,00:00:23,"Adarsh Nagar","Huda City Centre",0.00,0.00,"Não informado",0,8.49,29.14
405,""CNR7286285"",""CID6567281"",16,Completed,2024-01-19,00:00:21,"Yamuna Bank","Dilshad Garden",27.22,582.00,Cash,4,9.10,21.70
406,""CNR8901989"",""CID4529927"",14,Completed,2024-07-02,00:00:15,AIIMS,Jasola,31.65,133.00,UPI,4,3.60,18.60
407,""CNR9222191"",""CID9902256"",14,Completed,2024-02-27,00:00:09,"Green Park","Aya Nagar",38.25,508.00,"Credit Card",5,6.80,21.00
408,""CNR6647107"",""CID7253416"",8,"Cancelled by Customer",2024-04-15,00:00:12,"Greater Kailash","Kashmere Gate ISBT",0.00,0.00,"Não informado",0,9.50,29.14
409,""CNR9775227"",""CID4405721"",5,Completed,2024-07-31,00:00:22,Madipur,Chhatarpur,12.14,999.00,"Uber Wallet",5,5.00,22.00
410,""CNR5436498"",""CID6124996"",6,Completed,2024-10-14,00:00:23,"Panchsheel Park",Janakpuri,9.76,713.00,UPI,4,11.00,25.80
411,""CNR9394835"",""CID3125278"",4,Completed,2024-12-23,00:00:19,"Mandi House","Sadar Bazar Gurgaon",10.63,96.00,UPI,5,14.30,35.20
412,""CNR7811486"",""CID3203722"",3,Completed,2024-08-29,00:00:19,"Kanhaiya Nagar",Narsinghpur,15.32,595.00,UPI,5,11.40,36.80
413,""CNR9208205"",""CID2712013"",2,"Cancelled by Driver",2024-09-06,00:00:16,"Mayur Vihar","Sohna Road",0.00,0.00,"Não informado",0,4.80,29.14
414,""CNR6583672"",""CID2281519"",3,Completed,2024-03-22,00:00:16,"Ghitorni Village","Rajiv Nagar",8.76,256.00,"Debit Card",5,12.20,20.50
415,""CNR5706641"",""CID5130718"",3,Completed,2024-12-11,00:00:10,"Adarsh Nagar","Connaught Place",22.40,449.00,"Uber Wallet",5,11.80,37.20
416,""CNR8005201"",""CID8692503"",13,"Cancelled by Driver",2024-08-09,00:00:22,"Aya Nagar","Noida Sector 62",0.00,0.00,"Não informado",0,7.80,29.14
417,""CNR7534075"",""CID4275914"",4,Completed,2024-02-03,00:00:19,"Pataudi Chowk","Greater Kailash",12.73,373.00,Cash,4,13.40,40.00
418,""CNR1712916"",""CID9416242"",7,Completed,2024-07-24,00:00:06,Badshahpur,"Preet Vihar",28.77,445.00,UPI,4,2.40,38.50
419,""CNR8081487"",""CID1030753"",4,Completed,2024-10-19,00:00:10,Mehrauli,Rithala,8.86,1563.00,Cash,5,7.40,20.60
420,""CNR4056850"",""CID5921257"",8,"Cancelled by Driver",2024-10-29,00:00:06,Indraprastha,"Gurgaon Sector 29",0.00,0.00,"Não informado",0,4.10,29.14
421,""CNR6714334"",""CID3077805"",8,"No Driver Found",2024-02-07,00:00:18,"Chirag Delhi",Saket,0.00,0.00,"Não informado",0,8.49,29.14
422,""CNR7702733"",""CID7542922"",2,"No Driver Found",2024-03-29,00:00:20,"Botanical Garden","Delhi Gate",0.00,0.00,"Não informado",0,8.49,29.14
423,""CNR9212883"",""CID7774837"",22,Completed,2024-05-15,00:00:15,Indirapuram,"Botanical Garden",30.28,486.00,"Debit Card",5,12.20,35.30
424,""CNR9154108"",""CID7990974"",16,Completed,2024-06-20,00:00:11,"Noida Film City","Tilak Nagar",40.38,480.00,Cash,4,4.30,33.10
425,""CNR6429307"",""CID6093452"",5,Completed,2024-09-14,00:00:10,Jahangirpuri,"Uttam Nagar",45.56,162.00,"Credit Card",4,11.10,26.50
426,""CNR4933209"",""CID7088241"",21,Completed,2024-04-18,00:00:17,"Udyog Vihar Phase 4",Vinobapuri,47.18,964.00,"Debit Card",5,7.10,34.00
427,""CNR2979424"",""CID8679276"",26,Completed,2024-03-12,00:00:18,"Kherki Daula Toll","Mandi House",46.93,68.00,Cash,5,3.00,29.10
428,""CNR3332119"",""CID6481348"",2,"Cancelled by Driver",2024-11-25,00:00:18,"Mansarovar Park","Lajpat Nagar",0.00,0.00,"Não informado",0,9.80,29.14
429,""CNR8678279"",""CID1487975"",3,Completed,2024-05-23,00:00:19,Munirka,"GTB Nagar",43.81,77.00,"Uber Wallet",5,3.50,22.70
430,""CNR1559285"",""CID2693633"",3,Completed,2024-12-21,00:00:20,"Pragati Maidan","Ashok Vihar",38.53,1596.00,"Debit Card",5,6.20,20.60
431,""CNR7024730"",""CID4838658"",15,"Cancelled by Driver",2024-07-03,00:00:08,"Nirman Vihar",Inderlok,0.00,0.00,"Não informado",0,7.40,29.14
432,""CNR6839076"",""CID8166401"",8,"No Driver Found",2024-02-16,00:00:18,"Punjabi Bagh","Moti Nagar",0.00,0.00,"Não informado",0,8.49,29.14
433,""CNR7905117"",""CID1416555"",5,Completed,2024-07-24,00:00:19,"Chandni Chowk","Rohini West",33.61,983.00,Cash,5,9.90,26.60
434,""CNR5759870"",""CID2323422"",9,Completed,2024-05-23,00:00:00,"Gurgaon Railway Station","Moti Nagar",24.62,68.00,Cash,4,3.00,29.40
435,""CNR3578899"",""CID5661102"",4,Completed,2024-05-04,00:00:22,Sikanderpur,Pulbangash,33.80,493.00,UPI,4,11.60,32.00
436,""CNR1089514"",""CID4125399"",2,"Cancelled by Driver",2024-10-02,00:00:17,"Huda City Centre",Paharganj,0.00,0.00,"Não informado",0,5.80,29.14
437,""CNR9835984"",""CID9964638"",3,Completed,2024-12-18,00:00:19,"Sadar Bazar Gurgaon","Gurgaon Sector 56",32.09,745.00,"Credit Card",4,3.20,44.40
438,""CNR1643972"",""CID3506515"",1,"Cancelled by Driver",2024-01-03,00:00:16,Sikanderpur,"Nehru Place",0.00,0.00,"Não informado",0,6.90,29.14
439,""CNR2939495"",""CID2801589"",4,Completed,2024-07-02,00:00:11,Inderlok,"Shastri Nagar",13.99,304.00,"Uber Wallet",5,14.50,40.40
440,""CNR4997006"",""CID6970636"",1,"Cancelled by Driver",2024-08-30,00:00:07,Rithala,Chanakyapuri,0.00,0.00,"Não informado",0,4.70,29.14
441,""CNR3684938"",""CID6381738"",3,Completed,2024-11-29,00:00:18,"Delhi Gate","Subhash Chowk",14.13,402.00,UPI,4,9.00,17.10
442,""CNR8016082"",""CID3400110"",8,"No Driver Found",2024-09-27,00:00:18,"Nirman Vihar","Greater Noida",0.00,0.00,"Não informado",0,8.49,29.14
443,""CNR9166884"",""CID3068872"",9,Completed,2024-01-26,00:00:16,Panipat,"Palam Vihar",34.86,320.00,Cash,5,12.70,36.50
444,""CNR5034553"",""CID2838731"",21,Completed,2024-03-29,00:00:04,"Palam Vihar","Noida Film City",43.94,1247.00,"Uber Wallet",3,9.20,34.60
445,""CNR5994760"",""CID8677699"",16,Completed,2024-09-15,00:00:22,"Tagore Garden","Basai Dhankot",24.56,358.00,UPI,4,6.10,29.00
446,""CNR8280553"",""CID4089830"",3,Completed,2024-11-23,00:00:19,"Rajouri Garden","RK Puram",32.14,86.00,UPI,5,5.50,31.60
447,""CNR6304645"",""CID8878002"",2,"Cancelled by Driver",2024-11-13,00:00:11,"Kashmere Gate","Subhash Chowk",0.00,0.00,"Não informado",0,10.40,29.14
448,""CNR8726920"",""CID1004784"",12,"Cancelled by Customer",2024-02-05,00:00:19,"Mansarovar Park","Central Secretariat",0.00,0.00,"Não informado",0,6.30,29.14
449,""CNR1583241"",""CID3000345"",9,Completed,2024-03-08,00:00:14,Pitampura,"Sadar Bazar Gurgaon",43.31,85.00,"Uber Wallet",5,2.80,16.80
450,""CNR4484602"",""CID7199241"",10,Completed,2024-08-21,00:00:13,"Karol Bagh",Saket,30.94,311.00,UPI,5,4.20,41.70
451,""CNR8525908"",""CID4158986"",12,"Cancelled by Driver",2024-05-13,00:00:19,Jasola,"Rajouri Garden",0.00,0.00,"Não informado",0,7.60,29.14
452,""CNR8491180"",""CID4510240"",8,Incomplete,2024-10-02,00:00:09,"Noida Sector 62","Uttam Nagar",7.87,98.00,Cash,0,5.30,24.90
453,""CNR4866588"",""CID1441937"",7,Completed,2024-05-27,00:00:17,"Shastri Nagar","Udyog Vihar Phase 4",15.24,130.00,"Uber Wallet",5,11.40,26.30
454,""CNR1107433"",""CID3758873"",7,Completed,2024-11-23,00:00:08,Rohini,"Lajpat Nagar",27.38,367.00,"Uber Wallet",4,10.20,20.50
455,""CNR5804680"",""CID5921510"",4,Completed,2024-03-30,00:00:13,"Malviya Nagar","Sadar Bazar Gurgaon",4.50,420.00,UPI,4,7.40,28.70
456,""CNR3635060"",""CID5212455"",24,Completed,2024-07-05,00:00:10,Welcome,Nawada,9.87,510.00,UPI,5,8.70,19.40
457,""CNR3550383"",""CID3308866"",6,Completed,2024-02-16,00:00:21,"Malviya Nagar",Govindpuri,16.50,83.00,UPI,4,10.00,25.40
458,""CNR4225693"",""CID4486029"",19,Completed,2024-08-26,00:00:03,"Noida Extension",Kalkaji,41.88,158.00,UPI,5,4.50,15.10
459,""CNR2221311"",""CID3075272"",10,Completed,2024-10-26,00:00:20,Jahangirpuri,Ashram,32.90,1211.00,"Uber Wallet",5,11.30,33.00
460,""CNR7713513"",""CID3463027"",5,Completed,2024-08-10,00:00:09,"GTB Nagar","Gwal Pahari",36.68,313.00,"Credit Card",5,13.70,35.90
461,""CNR1286883"",""CID7499313"",5,Completed,2024-04-21,00:00:19,Bhiwadi,"Vatika Chowk",20.38,97.00,"Credit Card",5,8.10,42.20
462,""CNR5104000"",""CID5850345"",3,Completed,2024-01-30,00:00:17,Vaishali,Mehrauli,47.20,142.00,UPI,5,10.30,26.40
463,""CNR1748676"",""CID5855184"",10,Completed,2024-05-11,00:00:21,Mehrauli,"IIT Delhi",10.02,257.00,"Credit Card",5,4.80,15.50
464,""CNR9018332"",""CID5244532"",3,Completed,2024-05-25,00:00:15,"Raj Nagar Extension","Mayur Vihar",2.99,110.00,UPI,5,9.40,34.10
465,""CNR6347706"",""CID7676450"",15,"Cancelled by Driver",2024-01-23,00:00:18,Badarpur,Bahadurgarh,0.00,0.00,"Não informado",0,4.30,29.14
466,""CNR3245062"",""CID3655439"",22,Completed,2024-05-09,00:00:09,"Pataudi Chowk","Preet Vihar",31.32,585.00,UPI,4,2.90,40.20
467,""CNR2353965"",""CID4723366"",7,Completed,2024-04-21,00:00:16,"IMT Manesar",Jahangirpuri,36.64,697.00,"Credit Card",5,7.40,31.30
468,""CNR3349418"",""CID1938710"",10,Completed,2024-01-20,00:00:11,Ghitorni,Manesar,47.01,1240.00,UPI,4,7.80,32.60
469,""CNR5038976"",""CID8313729"",15,"Cancelled by Driver",2024-12-22,00:00:06,"Jama Masjid","Saket A Block",0.00,0.00,"Não informado",0,5.10,29.14
470,""CNR9755184"",""CID3811968"",2,"Cancelled by Customer",2024-10-16,00:00:15,"India Gate","Gwal Pahari",0.00,0.00,"Não informado",0,5.10,29.14
471,""CNR1872680"",""CID1362913"",16,Completed,2024-08-23,00:00:10,"Gurgaon Sector 56",Indirapuram,15.11,777.00,"Debit Card",4,9.40,20.60
472,""CNR1349127"",""CID3169109"",6,Completed,2024-05-29,00:00:19,Jhilmil,"Kirti Nagar",38.26,95.00,Cash,5,11.00,31.10
473,""CNR2230959"",""CID8978567"",6,Completed,2024-10-08,00:00:07,"Shivaji Park",Meerut,47.12,484.00,"Uber Wallet",5,11.60,39.90
474,""CNR9380391"",""CID2765374"",2,Incomplete,2024-02-26,00:00:08,"DLF Phase 3",Janakpuri,9.59,301.00,Cash,0,8.00,11.00
475,""CNR9895668"",""CID2656518"",25,Completed,2024-01-21,00:00:18,"Yamuna Bank",Jahangirpuri,2.17,485.00,UPI,4,2.10,21.20
476,""CNR1918302"",""CID6415639"",22,Completed,2024-03-20,00:00:11,"Tis Hazari",Chhatarpur,42.90,76.00,UPI,5,2.90,19.20
477,""CNR2429657"",""CID3288614"",3,Completed,2024-05-20,00:00:12,"Huda City Centre",Sikanderpur,35.09,188.00,UPI,4,8.30,38.60
478,""CNR7937909"",""CID3192355"",8,"Cancelled by Driver",2024-09-07,00:00:13,Ghaziabad,"IGI Airport",0.00,0.00,"Não informado",0,5.20,29.14
479,""CNR7044315"",""CID2521883"",4,Completed,2024-09-19,00:00:16,"Nirman Vihar","Sushant Lok",45.58,443.00,"Debit Card",5,12.00,38.00
480,""CNR5517053"",""CID8551973"",8,"Cancelled by Driver",2024-05-12,00:00:09,Govindpuri,Saidulajab,0.00,0.00,"Não informado",0,9.20,29.14
481,""CNR8024437"",""CID8921274"",12,"Cancelled by Driver",2024-02-16,00:00:07,Chhatarpur,"RK Puram",0.00,0.00,"Não informado",0,5.60,29.14
482,""CNR4956091"",""CID5068009"",3,Completed,2024-08-20,00:00:18,Manesar,Rithala,34.44,144.00,"Uber Wallet",5,5.00,19.20
483,""CNR5377230"",""CID7586347"",2,"Cancelled by Driver",2024-05-19,00:00:05,"Udyog Vihar Phase 4",Chanakyapuri,0.00,0.00,"Não informado",0,9.20,29.14
484,""CNR3120739"",""CID5285181"",13,"No Driver Found",2024-12-18,00:00:18,"Sushant Lok","Nirman Vihar",0.00,0.00,"Não informado",0,8.49,29.14
485,""CNR4763532"",""CID3554977"",13,Incomplete,2024-12-27,00:00:18,"Green Park",Okhla,7.21,268.00,UPI,0,3.50,14.80
486,""CNR5897670"",""CID3538617"",6,Completed,2024-03-05,00:00:19,"Satguru Ram Singh Marg",Bhiwadi,14.30,118.00,"Uber Wallet",3,5.20,32.10
487,""CNR7975978"",""CID6240053"",5,Completed,2024-06-27,00:00:16,"Keshav Puram","Noida Film City",13.30,516.00,Cash,5,9.90,17.60
488,""CNR8129409"",""CID3329487"",2,"Cancelled by Driver",2024-01-18,00:00:17,"Anand Vihar","Moti Nagar",0.00,0.00,"Não informado",0,3.70,29.14
489,""CNR2244899"",""CID7332345"",8,"Cancelled by Driver",2024-07-05,00:00:18,"Sushant Lok","MG Road",0.00,0.00,"Não informado",0,7.30,29.14
490,""CNR3178616"",""CID6827919"",6,Completed,2024-05-28,00:00:05,Arjangarh,"Punjabi Bagh",22.68,600.00,UPI,4,5.30,36.70
491,""CNR9398491"",""CID4442768"",8,"No Driver Found",2024-12-12,00:00:20,Nawada,Ghitorni,0.00,0.00,"Não informado",0,8.49,29.14
492,""CNR1365010"",""CID6704179"",15,"Cancelled by Driver",2024-01-04,00:00:22,"Aya Nagar","IGI Airport",0.00,0.00,"Não informado",0,7.60,29.14
493,""CNR7934360"",""CID7563867"",13,"Cancelled by Customer",2024-01-15,00:00:09,"Malviya Nagar","Dwarka Mor",0.00,0.00,"Não informado",0,19.20,29.14
494,""CNR3466923"",""CID6417399"",22,Completed,2024-02-11,00:00:17,"Kashmere Gate","Jama Masjid",20.88,339.00,Cash,3,8.10,24.10
495,""CNR1772188"",""CID9995196"",8,"Cancelled by Driver",2024-02-05,00:00:18,"Tilak Nagar","Hero Honda Chowk",0.00,0.00,"Não informado",0,5.30,29.14
496,""CNR6221378"",""CID4952284"",28,Completed,2024-02-03,00:00:23,"India Gate","IGI Airport",28.23,533.00,Cash,5,14.90,15.00
497,""CNR9154449"",""CID1077586"",16,Completed,2024-02-26,00:00:09,"Tilak Nagar","Qutub Minar",14.57,884.00,UPI,5,13.30,30.80
498,""CNR2310347"",""CID1012548"",7,Completed,2024-08-05,00:00:03,"IFFCO Chowk","Chirag Delhi",6.69,446.00,Cash,4,8.80,15.60
499,""CNR5161112"",""CID1845980"",16,Completed,2024-09-24,00:00:20,Chhatarpur,Paharganj,10.62,675.00,"Credit Card",4,11.70,30.70
500,""CNR4746570"",""CID4041893"",15,"No Driver Found",2024-07-02,00:00:13,"Lajpat Nagar","Patel Chowk",0.00,0.00,"Não informado",0,8.49,29.14
501,""CNR5206507"",""CID9160368"",11,Completed,2024-11-02,00:00:12,Ghaziabad,"Mandi House",19.99,407.00,UPI,5,3.90,25.20
502,""CNR1105649"",""CID2416362"",2,"Cancelled by Customer",2024-07-31,00:00:20,Mundka,"Maidan Garhi",0.00,0.00,"Não informado",0,18.00,29.14
503,""CNR6561675"",""CID4709340"",16,Completed,2024-08-19,00:00:14,Badarpur,"Qutub Minar",12.04,219.00,Cash,4,14.90,25.80
504,""CNR6735246"",""CID4830877"",17,Completed,2024-02-12,00:00:20,Moolchand,"Saket A Block",43.29,811.00,UPI,5,3.80,15.50
505,""CNR9393355"",""CID2207388"",10,Completed,2024-05-17,00:00:10,"Gurgaon Railway Station","Paschim Vihar",3.00,169.00,"Uber Wallet",5,13.30,43.00
506,""CNR7041170"",""CID3351210"",10,Completed,2024-07-07,00:00:09,"Ashok Park Main","Uttam Nagar",28.36,379.00,Cash,4,4.90,41.40
507,""CNR7015962"",""CID3453799"",8,Incomplete,2024-05-26,00:00:18,"Anand Vihar ISBT","Huda City Centre",13.04,465.00,"Credit Card",0,7.30,29.70
508,""CNR2820483"",""CID2955701"",8,"Cancelled by Driver",2024-06-03,00:00:21,Vishwavidyalaya,Vinobapuri,0.00,0.00,"Não informado",0,7.90,29.14
509,""CNR8192504"",""CID2186576"",11,Completed,2024-05-30,00:00:10,"Subhash Chowk","Noida Extension",5.52,160.00,UPI,4,5.90,26.50
510,""CNR5614673"",""CID1336911"",10,Completed,2024-04-01,00:00:20,Azadpur,"Moti Nagar",11.93,153.00,UPI,5,5.90,27.90
511,""CNR8765520"",""CID9963800"",15,"Cancelled by Driver",2024-12-05,00:00:20,"Greater Noida","Sohna Road",0.00,0.00,"Não informado",0,9.60,29.14
512,""CNR2066424"",""CID6053450"",15,"Cancelled by Driver",2024-11-28,00:00:15,"Rajiv Nagar",Jahangirpuri,0.00,0.00,"Não informado",0,9.70,29.14
513,""CNR4566796"",""CID7109338"",8,"Cancelled by Driver",2024-07-16,00:00:16,Chanakyapuri,Ghaziabad,0.00,0.00,"Não informado",0,9.10,29.14
514,""CNR4733031"",""CID4204069"",1,"Cancelled by Driver",2024-08-02,00:00:12,"Greater Kailash","Shivaji Park",0.00,0.00,"Não informado",0,10.00,29.14
515,""CNR7239129"",""CID6041120"",16,Completed,2024-03-13,00:00:10,"Nirman Vihar","Patel Chowk",8.80,369.00,UPI,4,4.60,24.70
516,""CNR7089866"",""CID8788583"",6,Completed,2024-06-18,00:00:19,"Rohini East","Basai Dhankot",19.20,360.00,"Uber Wallet",4,14.00,17.90
517,""CNR8341687"",""CID8711272"",3,Completed,2024-12-28,00:00:14,"Jor Bagh","Nirman Vihar",28.84,828.00,UPI,4,2.10,31.70
518,""CNR9138999"",""CID6864518"",22,Completed,2024-04-14,00:00:08,"Khan Market",Bhiwadi,33.08,791.00,UPI,5,12.10,19.70
519,""CNR4704280"",""CID7724201"",9,Completed,2024-06-10,00:00:20,Karkarduma,"Ambience Mall",10.88,529.00,UPI,5,10.50,18.00
520,""CNR9540934"",""CID8987509"",16,Completed,2024-11-08,00:00:17,"Lok Kalyan Marg","Preet Vihar",43.40,306.00,UPI,5,9.70,36.40
521,""CNR9190112"",""CID2588384"",14,Completed,2024-02-10,00:00:08,Ghaziabad,"Moti Nagar",15.83,131.00,"Credit Card",4,3.30,25.80
522,""CNR3039145"",""CID8157003"",22,Completed,2024-05-13,00:00:17,"Shastri Park",Narsinghpur,9.61,651.00,"Debit Card",5,5.10,23.20
523,""CNR1456049"",""CID5722305"",22,Completed,2024-07-27,00:00:19,Peeragarhi,Pulbangash,2.69,412.00,"Debit Card",4,2.90,30.10
524,""CNR9910547"",""CID7267162"",8,"Cancelled by Driver",2024-01-31,00:00:09,"Botanical Garden",Panipat,0.00,0.00,"Não informado",0,6.90,29.14
525,""CNR4505039"",""CID8601598"",6,Completed,2024-05-26,00:00:10,"Vasant Kunj","Vatika Chowk",12.52,984.00,Cash,5,6.60,33.90
526,""CNR2898050"",""CID1516570"",6,Completed,2024-03-31,00:00:21,"DLF Phase 3",Okhla,27.76,375.00,UPI,4,12.40,31.70
527,""CNR2066912"",""CID7868182"",1,"Cancelled by Driver",2024-09-19,00:00:14,"Saket A Block",Sultanpur,0.00,0.00,"Não informado",0,7.00,29.14
528,""CNR4694217"",""CID6623498"",2,"Cancelled by Driver",2024-01-05,00:00:11,"Subhash Chowk",Badshahpur,0.00,0.00,"Não informado",0,5.10,29.14
529,""CNR9086694"",""CID1564650"",6,Completed,2024-12-22,00:00:04,Jahangirpuri,Rohini,7.70,651.00,"Uber Wallet",4,9.70,31.70
530,""CNR3614133"",""CID1919404"",3,Completed,2024-05-08,00:00:22,Pulbangash,Akshardham,23.21,415.00,"Uber Wallet",5,8.20,37.30
531,""CNR5925227"",""CID9346641"",13,"Cancelled by Driver",2024-07-15,00:00:17,"Palam Vihar","Gwal Pahari",0.00,0.00,"Não informado",0,8.50,29.14
532,""CNR2270165"",""CID1036906"",2,"Cancelled by Customer",2024-04-26,00:00:14,"Greater Kailash","Lok Kalyan Marg",0.00,0.00,"Não informado",0,11.40,29.14
533,""CNR5568712"",""CID1277528"",12,"Cancelled by Driver",2024-07-24,00:00:15,Saket,"Ashok Vihar",0.00,0.00,"Não informado",0,7.20,29.14
534,""CNR8002088"",""CID7591158"",8,"Cancelled by Driver",2024-01-13,00:00:08,"Shastri Nagar",Jasola,0.00,0.00,"Não informado",0,4.70,29.14
535,""CNR4151102"",""CID4892044"",4,Completed,2024-06-30,00:00:11,Khandsa,"Cyber Hub",29.21,727.00,UPI,5,3.40,43.30
536,""CNR4083167"",""CID7168786"",1,"Cancelled by Driver",2024-08-30,00:00:18,Chanakyapuri,"DLF City Court",0.00,0.00,"Não informado",0,3.40,29.14
537,""CNR4899122"",""CID7879061"",16,Completed,2024-02-15,00:00:07,Manesar,"Mansarovar Park",30.45,302.00,UPI,4,13.10,15.20
538,""CNR3404014"",""CID5570791"",8,"Cancelled by Customer",2024-10-20,00:00:20,"Sarai Kale Khan","Raj Nagar Extension",0.00,0.00,"Não informado",0,7.60,29.14
539,""CNR4980486"",""CID7482953"",13,"Cancelled by Driver",2024-04-26,00:00:18,Moolchand,Chanakyapuri,0.00,0.00,"Não informado",0,8.70,29.14
540,""CNR3125291"",""CID5686688"",12,"Cancelled by Driver",2024-05-18,00:00:21,"IMT Manesar","Jor Bagh",0.00,0.00,"Não informado",0,6.30,29.14
541,""CNR8788210"",""CID5582299"",2,"Cancelled by Customer",2024-02-28,00:00:15,Ashram,"New Colony",0.00,0.00,"Não informado",0,6.50,29.14
542,""CNR2199295"",""CID4892084"",25,Completed,2024-11-11,00:00:20,Madipur,"Tagore Garden",2.09,392.00,UPI,5,5.40,16.80
543,""CNR5805639"",""CID6316344"",12,"Cancelled by Driver",2024-11-19,00:00:21,"Pragati Maidan","Chirag Delhi",0.00,0.00,"Não informado",0,7.90,29.14
544,""CNR8410773"",""CID5525050"",8,"Cancelled by Customer",2024-12-23,00:00:18,"Adarsh Nagar","Botanical Garden",0.00,0.00,"Não informado",0,10.90,29.14
545,""CNR5442189"",""CID9403434"",9,Completed,2024-11-09,00:00:17,Azadpur,Karkarduma,43.22,1052.00,Cash,5,2.70,42.80
546,""CNR1278315"",""CID8911337"",12,"Cancelled by Driver",2024-10-06,00:00:07,"Shastri Nagar","Noida Film City",0.00,0.00,"Não informado",0,11.60,29.14
547,""CNR7527478"",""CID4894520"",6,Completed,2024-10-18,00:00:23,"Shivaji Park","Tagore Garden",48.69,921.00,"Uber Wallet",5,13.30,35.80
548,""CNR4725147"",""CID7166094"",21,Completed,2024-04-17,00:00:13,"Mandi House","Rohini West",25.96,189.00,"Credit Card",5,3.90,25.60
549,""CNR5654141"",""CID9881226"",12,Incomplete,2024-08-20,00:00:16,Indraprastha,"Jor Bagh",18.89,314.00,"Debit Card",0,7.30,22.10
550,""CNR9308880"",""CID9048500"",9,Completed,2024-12-13,00:00:13,"Moti Nagar","Bhikaji Cama Place",19.14,115.00,Cash,5,9.60,24.70
551,""CNR7223634"",""CID5611923"",5,Completed,2024-11-02,00:00:19,Chanakyapuri,"Mandi House",15.33,670.00,"Credit Card",4,7.90,33.80
552,""CNR8908186"",""CID1060467"",21,Completed,2024-07-11,00:00:14,Kaushambi,"Ghitorni Village",27.13,751.00,UPI,5,12.30,35.30
553,""CNR6098250"",""CID2595479"",6,Completed,2024-10-12,00:00:16,"Tagore Garden",Kalkaji,16.32,517.00,UPI,5,11.60,15.60
554,""CNR7860349"",""CID5161952"",9,Completed,2024-09-29,00:00:12,"Faridabad Sector 15",Janakpuri,18.13,928.00,Cash,5,3.30,42.60
555,""CNR7774098"",""CID1535567"",7,Completed,2024-02-29,00:00:12,Pulbangash,"Vasant Kunj",27.52,336.00,UPI,4,6.40,38.50
556,""CNR8990210"",""CID6785239"",8,"No Driver Found",2024-08-03,00:00:12,"Model Town",Rithala,0.00,0.00,"Não informado",0,8.49,29.14
557,""CNR1604843"",""CID3650524"",10,Completed,2024-07-15,00:00:06,"Satguru Ram Singh Marg","Sushant Lok",4.96,476.00,Cash,4,15.00,44.50
558,""CNR5743864"",""CID4720271"",2,"Cancelled by Driver",2024-04-09,00:00:17,"INA Market","Netaji Subhash Place",0.00,0.00,"Não informado",0,10.20,29.14
559,""CNR7721257"",""CID4783718"",26,Completed,2024-08-13,00:00:12,"Nirman Vihar","Hero Honda Chowk",12.29,104.00,Cash,5,13.90,17.90
560,""CNR7360556"",""CID6551070"",3,Completed,2024-08-17,00:00:15,"Chandni Chowk","Noida Sector 62",7.29,579.00,UPI,5,10.70,43.10
561,""CNR6248078"",""CID5434628"",7,Completed,2024-08-22,00:00:12,"Karol Bagh","Chandni Chowk",44.75,181.00,Cash,4,11.00,41.60
562,""CNR7698052"",""CID7071135"",22,Completed,2024-03-15,00:00:16,"Chandni Chowk","IFFCO Chowk",46.07,1727.00,"Credit Card",4,4.30,23.60
563,""CNR4456848"",""CID8988573"",12,"Cancelled by Driver",2024-10-26,00:00:19,"Nirman Vihar","Pragati Maidan",0.00,0.00,"Não informado",0,4.40,29.14
564,""CNR5540432"",""CID3241367"",8,"Cancelled by Driver",2024-04-07,00:00:22,Pitampura,"Botanical Garden",0.00,0.00,"Não informado",0,11.40,29.14
565,""CNR3418737"",""CID4772721"",6,Completed,2024-01-17,00:00:09,Moolchand,"Punjabi Bagh",22.75,339.00,Cash,5,11.60,20.40
566,""CNR2312629"",""CID6034675"",6,Completed,2024-07-14,00:00:21,Sonipat,"Dwarka Sector 21",31.30,833.00,"Uber Wallet",4,6.70,23.60
567,""CNR3442968"",""CID3217784"",17,Completed,2024-01-18,00:00:05,Khandsa,"Faridabad Sector 15",11.62,221.00,UPI,5,5.80,42.40
568,""CNR5362803"",""CID7155427"",2,"Cancelled by Driver",2024-11-08,00:00:07,"Rajouri Garden",Rohini,0.00,0.00,"Não informado",0,11.70,29.14
569,""CNR8068355"",""CID2908322"",7,Completed,2024-04-29,00:00:10,Shahdara,"New Delhi Railway Station",27.19,368.00,UPI,4,11.30,23.00
570,""CNR7320481"",""CID1745963"",10,Completed,2024-04-11,00:00:19,Khandsa,"Huda City Centre",10.34,770.00,UPI,4,13.00,35.40
571,""CNR9625360"",""CID7198592"",16,Completed,2024-04-08,00:00:17,"India Gate","Ghitorni Village",5.24,140.00,UPI,5,3.30,19.20
572,""CNR7564013"",""CID9512652"",6,Completed,2024-10-24,00:00:13,"Connaught Place","Sushant Lok",31.52,249.00,UPI,4,13.90,19.80
573,""CNR4088153"",""CID4916643"",6,Completed,2024-07-06,00:00:18,"Ashok Park Main","Kashmere Gate ISBT",19.44,163.00,Cash,4,4.60,40.60
574,""CNR3300635"",""CID8726709"",6,Completed,2024-12-01,00:00:18,"Sushant Lok","Botanical Garden",32.47,1764.00,Cash,4,6.70,31.30
575,""CNR7198703"",""CID7566355"",1,"No Driver Found",2024-12-01,00:00:10,"Mansarovar Park","Keshav Puram",0.00,0.00,"Não informado",0,8.49,29.14
576,""CNR5366935"",""CID9046824"",26,Completed,2024-09-21,00:00:15,"Lok Kalyan Marg",Govindpuri,39.56,354.00,Cash,4,8.20,21.60
577,""CNR5738309"",""CID3264136"",12,"Cancelled by Driver",2024-05-13,00:00:04,"Vatika Chowk",Okhla,0.00,0.00,"Não informado",0,8.80,29.14
578,""CNR2751689"",""CID2451322"",2,"Cancelled by Driver",2024-02-10,00:00:22,"Cyber Hub","MG Road",0.00,0.00,"Não informado",0,6.50,29.14
579,""CNR1407518"",""CID4174424"",5,Completed,2024-03-31,00:00:19,Badarpur,"Ghitorni Village",33.54,124.00,UPI,4,14.40,16.00
580,""CNR9764222"",""CID7115581"",22,Completed,2024-03-09,00:00:09,"Bhikaji Cama Place",ITO,6.69,537.00,UPI,5,14.60,25.50
581,""CNR8216364"",""CID7366872"",17,Completed,2024-06-22,00:00:20,Ghitorni,"Old Gurgaon",20.15,1316.00,UPI,4,12.70,32.40
582,""CNR4859116"",""CID7339139"",13,Incomplete,2024-07-08,00:00:10,"IIT Delhi","Vatika Chowk",8.40,328.00,UPI,0,6.30,17.30
583,""CNR5062372"",""CID4198911"",15,"Cancelled by Customer",2024-11-12,00:00:19,Peeragarhi,"IIT Delhi",0.00,0.00,"Não informado",0,9.80,29.14
584,""CNR3842641"",""CID1750914"",6,Completed,2024-02-24,00:00:17,"Jama Masjid","IFFCO Chowk",21.07,733.00,Cash,5,14.80,23.50
585,""CNR4460316"",""CID6444247"",2,"Cancelled by Driver",2024-10-31,00:00:14,"Noida Film City",Badshahpur,0.00,0.00,"Não informado",0,9.00,29.14
586,""CNR1323410"",""CID4463798"",16,Completed,2024-06-21,00:00:08,"Vatika Chowk",Bahadurgarh,12.52,298.00,"Debit Card",5,4.50,34.20
587,""CNR2250312"",""CID3180078"",14,Completed,2024-06-14,00:00:09,"Rajouri Garden",Tughlakabad,43.87,858.00,UPI,5,4.90,39.20
588,""CNR4635927"",""CID7012211"",2,"No Driver Found",2024-04-24,00:00:17,Madipur,"South Extension",0.00,0.00,"Não informado",0,8.49,29.14
589,""CNR9536120"",""CID9337094"",6,Completed,2024-11-11,00:00:16,"Greater Noida",Badarpur,32.54,467.00,UPI,5,6.10,43.80
590,""CNR7195310"",""CID6035944"",10,Completed,2024-02-13,00:00:16,Indraprastha,Welcome,16.85,823.00,"Uber Wallet",5,7.60,19.50
591,""CNR5828425"",""CID8430067"",19,Completed,2024-12-14,00:00:08,Jahangirpuri,"Kirti Nagar",30.16,413.00,UPI,4,8.40,37.10
592,""CNR5197707"",""CID8536713"",16,Completed,2024-09-05,00:00:13,"Raj Nagar Extension",Seelampur,46.99,432.00,Cash,5,9.20,24.30
593,""CNR5254201"",""CID5776348"",14,Completed,2024-09-06,00:00:23,"Jor Bagh",Madipur,30.43,455.00,UPI,4,5.30,35.80
594,""CNR8163591"",""CID2960805"",2,"Cancelled by Customer",2024-07-21,00:00:18,"Lok Kalyan Marg","New Colony",0.00,0.00,"Não informado",0,9.10,29.14
595,""CNR1176861"",""CID5753303"",8,"Cancelled by Driver",2024-07-22,00:00:10,"GTB Nagar","Rohini West",0.00,0.00,"Não informado",0,5.40,29.14
596,""CNR5785463"",""CID8295105"",5,Completed,2024-09-15,00:00:06,"South Extension","Faridabad Sector 15",42.68,450.00,UPI,4,4.80,38.60
597,""CNR6919794"",""CID6774748"",6,Completed,2024-10-21,00:00:11,Bahadurgarh,Manesar,20.76,770.00,UPI,4,12.20,34.00
598,""CNR9843847"",""CID6799716"",22,Completed,2024-08-01,00:00:06,"Ramesh Nagar",Jasola,6.58,875.00,UPI,4,9.80,43.50
599,""CNR4392706"",""CID6689563"",6,Completed,2024-06-06,00:00:19,"Sadar Bazar Gurgaon","Green Park",16.41,141.00,Cash,5,14.00,17.70
600,""CNR9228185"",""CID7967244"",16,Completed,2024-02-15,00:00:20,"Sadar Bazar Gurgaon","Paschim Vihar",10.89,212.00,Cash,5,6.10,23.20
601,""CNR5605609"",""CID4841601"",15,"Cancelled by Driver",2024-08-12,00:00:11,"DLF Phase 3","Raj Nagar Extension",0.00,0.00,"Não informado",0,11.50,29.14
602,""CNR6160275"",""CID5501411"",11,Completed,2024-06-18,00:00:17,Ashram,"Noida Sector 62",49.26,630.00,Cash,4,8.90,19.20
603,""CNR2204332"",""CID8779024"",4,Completed,2024-01-08,00:00:16,"Golf Course Road",Vaishali,46.60,263.00,Cash,4,6.50,32.80
604,""CNR7064469"",""CID1757129"",25,Completed,2024-06-03,00:00:05,"Rohini West","Qutub Minar",16.76,807.00,"Uber Wallet",5,12.20,36.10
605,""CNR8106259"",""CID3123435"",4,Completed,2024-10-02,00:00:09,"Vidhan Sabha","Shastri Nagar",45.71,418.00,UPI,5,4.30,19.80
606,""CNR6657363"",""CID8258687"",14,Completed,2024-09-04,00:00:16,"Sadar Bazar Gurgaon","Greater Noida",8.34,268.00,Cash,4,11.10,16.50
607,""CNR5009960"",""CID4647984"",15,"Cancelled by Driver",2024-07-11,00:00:19,"Green Park","Sohna Road",0.00,0.00,"Não informado",0,6.00,29.14
608,""CNR5012798"",""CID6112870"",13,"No Driver Found",2024-02-18,00:00:17,Kalkaji,"Nehru Place",0.00,0.00,"Não informado",0,8.49,29.14
609,""CNR1557346"",""CID3922737"",8,Incomplete,2024-08-08,00:00:21,Indraprastha,"Gurgaon Sector 56",4.60,953.00,UPI,0,8.90,21.20
610,""CNR5966048"",""CID1071287"",11,Completed,2024-08-28,00:00:08,Pulbangash,"Greater Noida",48.84,773.00,"Uber Wallet",5,10.60,41.90
611,""CNR3253442"",""CID8239451"",13,"Cancelled by Driver",2024-10-02,00:00:16,"Shivaji Park","Greater Kailash",0.00,0.00,"Não informado",0,11.60,29.14
612,""CNR4963206"",""CID9374785"",22,Completed,2024-01-29,00:00:15,"Greater Noida","New Colony",34.83,137.00,UPI,4,9.10,29.00
613,""CNR4067782"",""CID6180494"",6,Completed,2024-11-07,00:00:19,"Kirti Nagar","Sushant Lok",27.67,215.00,"Debit Card",4,9.90,41.10
614,""CNR9310811"",""CID9760512"",16,Completed,2024-03-22,00:00:19,Indirapuram,"Vatika Chowk",21.68,113.00,UPI,4,11.00,37.50
615,""CNR5984068"",""CID4463716"",15,"Cancelled by Customer",2024-08-04,00:00:11,Paharganj,Vishwavidyalaya,0.00,0.00,"Não informado",0,12.70,29.14
616,""CNR2440013"",""CID5614936"",6,Completed,2024-09-13,00:00:12,Mundka,"Noida Sector 62",5.27,343.00,"Uber Wallet",5,7.20,18.30
617,""CNR1014047"",""CID5187884"",7,Completed,2024-05-25,00:00:16,Peeragarhi,"Patel Chowk",2.65,477.00,UPI,4,2.70,26.30
618,""CNR4429410"",""CID2136964"",2,"No Driver Found",2024-09-21,00:00:14,Tughlakabad,"IGNOU Road",0.00,0.00,"Não informado",0,8.49,29.14
619,""CNR7340675"",""CID9775644"",27,Completed,2024-05-09,00:00:15,"Shivaji Park",Azadpur,15.33,523.00,Cash,5,14.10,29.00
620,""CNR4839889"",""CID2622337"",5,Completed,2024-11-26,00:00:23,"Udyog Bhawan","Raj Nagar Extension",48.96,601.00,UPI,4,9.60,17.10
621,""CNR4201157"",""CID9760707"",8,Incomplete,2024-03-08,00:00:21,Kaushambi,Pitampura,5.11,698.00,"Debit Card",0,3.60,21.90
622,""CNR2269173"",""CID3033035"",5,Completed,2024-03-18,00:00:12,"Samaypur Badli","Paschim Vihar",35.76,2145.00,"Debit Card",5,4.60,22.70
623,""CNR3506770"",""CID1564724"",21,Completed,2024-05-08,00:00:19,"Green Park","Jama Masjid",36.19,313.00,UPI,4,7.70,44.20
624,""CNR6855175"",""CID2378462"",15,"Cancelled by Driver",2024-05-07,00:00:06,"RK Puram",ITO,0.00,0.00,"Não informado",0,10.90,29.14
625,""CNR8859781"",""CID5490176"",16,Completed,2024-08-29,00:00:08,"Central Secretariat","India Gate",18.15,480.00,UPI,5,12.20,19.50
626,""CNR2961611"",""CID3190517"",16,Completed,2024-09-06,00:00:22,"Pragati Maidan","RK Puram",18.58,953.00,"Debit Card",4,12.70,23.00
627,""CNR5009691"",""CID2286725"",13,"Cancelled by Customer",2024-12-05,00:00:08,Khandsa,Paharganj,0.00,0.00,"Não informado",0,13.00,29.14
628,""CNR6785751"",""CID9577024"",10,Completed,2024-03-21,00:00:21,"Central Secretariat","Lok Kalyan Marg",43.05,440.00,Cash,5,11.90,18.90
629,""CNR6145087"",""CID7713985"",6,Completed,2024-06-26,00:00:19,"Raj Nagar Extension",Saket,42.69,62.00,Cash,4,14.90,24.80
630,""CNR7704384"",""CID2670324"",8,"Cancelled by Driver",2024-11-25,00:00:13,"Rajiv Nagar","Model Town",0.00,0.00,"Não informado",0,6.30,29.14
631,""CNR5943425"",""CID6866756"",6,Completed,2024-03-19,00:00:12,"Shivaji Park",Rohini,48.98,244.00,UPI,4,8.60,29.30
632,""CNR5469894"",""CID9066685"",17,Completed,2024-06-07,00:00:08,Kadarpur,Ghaziabad,37.90,375.00,Cash,5,7.10,36.80
633,""CNR1130715"",""CID1461556"",23,Completed,2024-03-06,00:00:22,"Rohini East",Ashram,49.30,499.00,UPI,5,4.30,17.70
634,""CNR1152211"",""CID5831862"",15,"Cancelled by Customer",2024-01-28,00:00:15,"Hauz Rani","Kirti Nagar",0.00,0.00,"Não informado",0,7.70,29.14
635,""CNR8242907"",""CID7973188"",16,Completed,2024-06-26,00:00:07,"Model Town",Jahangirpuri,18.49,296.00,UPI,5,8.80,15.90
636,""CNR1519687"",""CID5319443"",12,"Cancelled by Customer",2024-09-29,00:00:17,Vishwavidyalaya,"Tagore Garden",0.00,0.00,"Não informado",0,20.00,29.14
637,""CNR2478211"",""CID2555454"",14,Completed,2024-06-27,00:00:08,"Maidan Garhi","Golf Course Road",33.22,167.00,"Credit Card",4,3.90,19.90
638,""CNR7336649"",""CID6486485"",8,"Cancelled by Driver",2024-06-30,00:00:14,"Huda City Centre","IIT Delhi",0.00,0.00,"Não informado",0,10.40,29.14
639,""CNR2566387"",""CID1160147"",8,"Cancelled by Driver",2024-07-08,00:00:23,"Sarojini Nagar",Govindpuri,0.00,0.00,"Não informado",0,6.90,29.14
640,""CNR6303514"",""CID7192109"",18,"Cancelled by Driver",2024-10-31,00:00:18,Azadpur,Saket,0.00,0.00,"Não informado",0,11.60,29.14
641,""CNR9153217"",""CID4641211"",6,Completed,2024-01-14,00:00:10,"Dilshad Garden","Rajiv Nagar",2.38,824.00,UPI,5,13.70,19.70
642,""CNR2958687"",""CID1519444"",3,Completed,2024-05-05,00:00:11,"INA Market","Civil Lines Gurgaon",34.20,407.00,Cash,4,4.90,37.10
643,""CNR9244093"",""CID2684363"",25,Completed,2024-03-15,00:00:05,"RK Puram","Delhi Gate",3.59,752.00,"Uber Wallet",4,7.60,19.80
644,""CNR4505512"",""CID9972042"",22,Completed,2024-11-28,00:00:19,Azadpur,"Karol Bagh",30.56,354.00,UPI,5,9.70,41.90
645,""CNR2952471"",""CID7453414"",10,Completed,2024-07-09,00:00:17,Sikanderpur,"Ashok Park Main",13.69,164.00,UPI,5,14.30,24.40
646,""CNR6598077"",""CID6258739"",5,Completed,2024-01-26,00:00:08,"Kherki Daula Toll","Mansarovar Park",45.56,392.00,UPI,5,11.50,16.60
647,""CNR9384775"",""CID3283799"",15,"Cancelled by Driver",2024-08-31,00:00:09,"Gurgaon Sector 29","Mayur Vihar",0.00,0.00,"Não informado",0,7.90,29.14
648,""CNR8339893"",""CID4931264"",21,Completed,2024-01-07,00:00:13,"MG Road","Vatika Chowk",42.16,389.00,"Credit Card",4,9.30,28.70
649,""CNR8642454"",""CID5873082"",3,Completed,2024-06-20,00:00:19,"Subhash Nagar","Shivaji Park",38.28,474.00,UPI,4,5.40,33.10
650,""CNR4994271"",""CID7526547"",8,"Cancelled by Driver",2024-01-27,00:00:15,"Vasant Kunj","Central Secretariat",0.00,0.00,"Não informado",0,11.90,29.14
651,""CNR1394951"",""CID3357025"",21,Completed,2024-12-30,00:00:10,"New Delhi Railway Station","IMT Manesar",31.51,199.00,UPI,5,7.80,43.20
652,""CNR1407529"",""CID6340251"",8,"No Driver Found",2024-07-05,00:00:16,"Kashmere Gate",Panipat,0.00,0.00,"Não informado",0,8.49,29.14
653,""CNR4753901"",""CID5097394"",6,Completed,2024-11-16,00:00:01,"Delhi Gate","Preet Vihar",42.45,1428.00,"Uber Wallet",4,14.90,16.90
654,""CNR9691213"",""CID3621515"",17,Completed,2024-10-28,00:00:19,"Patel Chowk","Jor Bagh",16.06,85.00,Cash,5,8.80,26.80
655,""CNR8384151"",""CID1220681"",2,"No Driver Found",2024-09-09,00:00:07,"Old Gurgaon","Ghitorni Village",0.00,0.00,"Não informado",0,8.49,29.14
656,""CNR3021480"",""CID4650265"",21,Completed,2024-02-11,00:00:14,"Sarojini Nagar","Rajiv Nagar",38.24,550.00,UPI,5,9.50,22.50
657,""CNR5099092"",""CID6408750"",6,Completed,2024-03-01,00:00:15,"Ashok Park Main","Noida Extension",22.13,988.00,UPI,5,12.20,20.50
658,""CNR9417908"",""CID1765887"",2,"No Driver Found",2024-04-17,00:00:18,Narsinghpur,Indirapuram,0.00,0.00,"Não informado",0,8.49,29.14
659,""CNR5725380"",""CID7776460"",23,Completed,2024-05-23,00:00:12,"Mansarovar Park","Faridabad Sector 15",20.08,112.00,Cash,5,3.30,32.10
660,""CNR9210257"",""CID8880509"",13,"Cancelled by Driver",2024-10-06,00:00:19,Rithala,"Faridabad Sector 15",0.00,0.00,"Não informado",0,4.70,29.14
661,""CNR9628662"",""CID5384137"",5,Completed,2024-02-28,00:00:22,Peeragarhi,"Laxmi Nagar",45.98,81.00,UPI,4,13.50,29.70
662,""CNR4861079"",""CID8412868"",7,Completed,2024-07-17,00:00:18,Manesar,ITO,10.94,262.00,UPI,4,3.70,42.80
663,""CNR6840765"",""CID6985236"",6,Completed,2024-08-29,00:00:20,"Moti Nagar","Punjabi Bagh",49.84,259.00,"Uber Wallet",4,10.40,31.00
664,""CNR7149289"",""CID2607906"",4,Completed,2024-06-02,00:00:14,"New Delhi Railway Station","Rohini West",24.97,1350.00,Cash,3,8.80,33.10
665,""CNR5646656"",""CID7110646"",4,Completed,2024-12-16,00:00:21,Pitampura,"Kashmere Gate",32.94,302.00,Cash,5,14.30,23.90
666,""CNR9029118"",""CID1178335"",22,Completed,2024-07-23,00:00:06,"New Delhi Railway Station",Arjangarh,22.90,414.00,UPI,5,6.20,23.10
667,""CNR1382273"",""CID4784516"",10,Completed,2024-05-13,00:00:18,Tughlakabad,"Chandni Chowk",29.53,135.00,Cash,4,2.90,25.10
668,""CNR6853176"",""CID9879542"",6,Completed,2024-11-18,00:00:04,Ghitorni,"Ashok Park Main",32.84,212.00,"Credit Card",5,12.30,21.40
669,""CNR4173313"",""CID3059204"",6,Completed,2024-09-21,00:00:06,Kalkaji,"Model Town",3.77,865.00,UPI,4,13.20,32.60
670,""CNR6569520"",""CID8847335"",16,Completed,2024-05-07,00:00:22,"Huda City Centre",Shahdara,24.12,255.00,UPI,4,2.60,36.90
671,""CNR4180467"",""CID9145538"",7,Completed,2024-04-16,00:00:11,"IMT Manesar","Kashmere Gate ISBT",38.01,273.00,"Credit Card",4,5.60,32.60
672,""CNR2790295"",""CID1412150"",8,Incomplete,2024-11-10,00:00:17,"Bhikaji Cama Place","RK Puram",1.67,545.00,UPI,0,4.60,17.20
673,""CNR7051731"",""CID4562056"",16,Completed,2024-11-19,00:00:07,"Jor Bagh","India Gate",14.39,477.00,"Credit Card",4,4.60,27.30
674,""CNR7941158"",""CID5590862"",6,Completed,2024-10-11,00:00:10,"IGI Airport","Sarai Kale Khan",7.33,197.00,UPI,5,14.10,33.90
675,""CNR6060166"",""CID4821084"",7,Completed,2024-02-24,00:00:22,"Green Park",Kadarpur,38.63,366.00,"Credit Card",4,12.80,23.70
676,""CNR3654081"",""CID2244993"",7,Completed,2024-08-18,00:00:17,"Green Park","Khan Market",42.13,1595.00,UPI,4,2.10,19.70
677,""CNR5873302"",""CID9655995"",10,Completed,2024-08-13,00:00:07,Ashram,"Ambience Mall",24.16,391.00,"Credit Card",4,6.90,16.60
678,""CNR2376738"",""CID3235147"",22,Completed,2024-07-01,00:00:17,"Kherki Daula Toll","DLF Phase 3",33.08,313.00,UPI,4,2.60,27.90
679,""CNR9602212"",""CID5828701"",5,Completed,2024-05-01,00:00:22,Khandsa,"Lok Kalyan Marg",45.13,402.00,UPI,5,12.60,28.10
680,""CNR6592194"",""CID5470490"",22,Completed,2024-05-27,00:00:22,Chhatarpur,"Ardee City",14.15,62.00,Cash,4,4.00,30.10
681,""CNR7634326"",""CID9472411"",13,"Cancelled by Customer",2024-12-05,00:00:18,Mehrauli,AIIMS,0.00,0.00,"Não informado",0,9.90,29.14
682,""CNR2442969"",""CID6529917"",3,Completed,2024-12-04,00:00:17,Ghaziabad,"Sarojini Nagar",9.90,602.00,UPI,4,13.70,37.20
683,""CNR2445755"",""CID9195579"",8,Incomplete,2024-02-11,00:00:21,Manesar,AIIMS,6.09,545.00,UPI,0,10.00,28.90
684,""CNR2715860"",""CID6891894"",7,Completed,2024-05-31,00:00:14,"IMT Manesar","Rajiv Chowk",25.68,560.00,Cash,5,13.40,27.80
685,""CNR1203467"",""CID6344325"",8,Incomplete,2024-03-31,00:00:21,"Subhash Nagar","Greater Noida",5.41,1383.00,UPI,0,3.20,16.50
686,""CNR2694709"",""CID5054240"",21,Completed,2024-09-15,00:00:09,"Shivaji Park",Vishwavidyalaya,44.05,439.00,Cash,5,10.10,39.30
687,""CNR7417664"",""CID2502556"",13,"No Driver Found",2024-03-14,00:00:10,AIIMS,Paharganj,0.00,0.00,"Não informado",0,8.49,29.14
688,""CNR8464596"",""CID3292156"",5,Completed,2024-11-22,00:00:20,"Pragati Maidan","Punjabi Bagh",16.64,83.00,"Uber Wallet",4,10.70,32.00
689,""CNR3139965"",""CID4038754"",13,Incomplete,2024-09-30,00:00:10,"Dwarka Sector 21",Akshardham,9.56,745.00,Cash,0,5.50,13.20
690,""CNR2915357"",""CID2023665"",4,Completed,2024-11-16,00:00:20,Manesar,Madipur,32.47,171.00,"Credit Card",3,6.30,19.50
691,""CNR9066364"",""CID8737089"",8,"No Driver Found",2024-12-22,00:00:17,"IGNOU Road","Botanical Garden",0.00,0.00,"Não informado",0,8.49,29.14
692,""CNR5895057"",""CID2439467"",11,Completed,2024-10-19,00:00:16,Ghitorni,Saidulajab,22.96,401.00,"Uber Wallet",5,6.50,16.80
693,""CNR2540295"",""CID9167744"",8,"Cancelled by Driver",2024-07-01,00:00:04,"Noida Sector 18","Kherki Daula Toll",0.00,0.00,"Não informado",0,8.30,29.14
694,""CNR6162893"",""CID9150546"",4,Completed,2024-09-07,00:00:08,"Moti Nagar","Nehru Place",39.70,1320.00,"Debit Card",5,5.20,43.90
695,""CNR6566275"",""CID2823911"",10,Completed,2024-11-08,00:00:09,"Civil Lines Gurgaon","Kirti Nagar",34.50,1614.00,"Debit Card",4,14.00,24.30
696,""CNR2559267"",""CID6233700"",22,Completed,2024-11-29,00:00:18,"South Extension","Chirag Delhi",22.24,879.00,Cash,4,10.60,26.80
697,""CNR4332459"",""CID1542415"",9,Completed,2024-07-27,00:00:15,"Karol Bagh","Adarsh Nagar",23.13,218.00,Cash,5,5.40,19.00
698,""CNR3914491"",""CID1731276"",5,Completed,2024-04-27,00:00:18,Jhilmil,"Keshav Puram",39.31,165.00,Cash,5,4.60,39.50
699,""CNR8735322"",""CID6677999"",6,Completed,2024-03-10,00:00:19,"Kirti Nagar","MG Road",49.17,221.00,Cash,4,12.50,23.20
700,""CNR7157762"",""CID8627938"",6,Completed,2024-03-26,00:00:01,Kalkaji,"Ghitorni Village",46.22,474.00,"Credit Card",5,5.40,19.00
701,""CNR1620017"",""CID4868040"",8,"Cancelled by Driver",2024-07-05,00:00:23,"Shivaji Park",Jahangirpuri,0.00,0.00,"Não informado",0,8.80,29.14
702,""CNR9189398"",""CID5623131"",5,Completed,2024-03-05,00:00:13,"Anand Vihar ISBT","Greater Kailash",22.06,820.00,UPI,4,2.60,23.40
703,""CNR9306152"",""CID9461842"",12,"No Driver Found",2024-11-09,00:00:16,"Dilshad Garden","Civil Lines Gurgaon",0.00,0.00,"Não informado",0,8.49,29.14
704,""CNR4146504"",""CID3064978"",8,"Cancelled by Driver",2024-12-03,00:00:17,Manesar,"Kashmere Gate ISBT",0.00,0.00,"Não informado",0,8.90,29.14
705,""CNR4778731"",""CID7610889"",5,Completed,2024-10-25,00:00:12,"Huda City Centre","Jama Masjid",23.98,358.00,Cash,5,7.50,40.00
706,""CNR2738265"",""CID9926474"",13,"Cancelled by Driver",2024-01-21,00:00:00,"Nehru Place","Delhi Gate",0.00,0.00,"Não informado",0,3.80,29.14
707,""CNR6987972"",""CID6481982"",4,Completed,2024-09-27,00:00:03,"Samaypur Badli","Cyber Hub",45.72,489.00,UPI,5,4.00,36.40
708,""CNR8436777"",""CID7175114"",15,Incomplete,2024-08-18,00:00:22,"Jor Bagh","Shastri Nagar",5.57,367.00,UPI,0,5.10,19.90
709,""CNR3219966"",""CID1752407"",15,Incomplete,2024-03-24,00:00:08,"Keshav Puram","Kashmere Gate",7.60,1682.00,"Debit Card",0,8.00,16.90
710,""CNR5313160"",""CID9145519"",15,"No Driver Found",2024-10-31,00:00:23,"Subhash Chowk","Basai Dhankot",0.00,0.00,"Não informado",0,8.49,29.14
711,""CNR4346750"",""CID8170921"",4,Completed,2024-09-02,00:00:14,"Gurgaon Sector 29",Indraprastha,3.02,55.00,"Uber Wallet",5,4.30,43.50
712,""CNR7596432"",""CID7432968"",15,"Cancelled by Customer",2024-02-04,00:00:16,Vaishali,"Tis Hazari",0.00,0.00,"Não informado",0,17.60,29.14
713,""CNR7297791"",""CID7281986"",12,"Cancelled by Driver",2024-02-20,00:00:13,Saket,"Model Town",0.00,0.00,"Não informado",0,3.90,29.14
714,""CNR9425600"",""CID5989176"",22,Completed,2024-03-03,00:00:00,"New Delhi Railway Station","Hauz Khas",14.95,395.00,UPI,4,4.80,29.30
715,""CNR3823257"",""CID1508646"",6,Completed,2024-05-16,00:00:19,"Preet Vihar","Kanhaiya Nagar",7.76,69.00,Cash,5,6.40,21.20
716,""CNR8967861"",""CID3540282"",12,"Cancelled by Customer",2024-09-14,00:00:15,"Sohna Road","Nehru Place",0.00,0.00,"Não informado",0,10.60,29.14
717,""CNR4252538"",""CID8409955"",22,Completed,2024-11-28,00:00:06,"Maidan Garhi",Paharganj,7.95,265.00,Cash,5,14.60,33.10
718,""CNR1211238"",""CID5244516"",2,"Cancelled by Driver",2024-10-26,00:00:16,Mundka,"GTB Nagar",0.00,0.00,"Não informado",0,7.60,29.14
719,""CNR8958442"",""CID6015541"",21,Completed,2024-04-28,00:00:18,"Bhikaji Cama Place",Khandsa,44.57,302.00,UPI,5,3.00,43.90
720,""CNR2025421"",""CID1492057"",10,Completed,2024-10-07,00:00:19,ITO,Badshahpur,10.81,464.00,UPI,4,14.30,23.90
721,""CNR1840812"",""CID2497733"",15,Incomplete,2024-10-23,00:00:05,Khandsa,Shahdara,8.39,545.00,"Credit Card",0,9.20,24.30
722,""CNR8182182"",""CID4994675"",5,Completed,2024-06-12,00:00:18,"INA Market",Rithala,24.44,224.00,Cash,4,2.70,30.70
723,""CNR9939552"",""CID2876086"",6,Completed,2024-01-09,00:00:14,"MG Road",Shahdara,23.63,237.00,UPI,5,9.10,41.40
724,""CNR6613512"",""CID1661297"",6,Completed,2024-08-10,00:00:14,"Gurgaon Railway Station",Mundka,48.74,699.00,UPI,4,10.70,36.70
725,""CNR4613739"",""CID9468231"",19,Completed,2024-10-11,00:00:17,Akshardham,"Nirman Vihar",26.74,158.00,"Uber Wallet",5,8.20,21.80
726,""CNR8974635"",""CID8044093"",12,"Cancelled by Customer",2024-05-17,00:00:21,Madipur,"Tilak Nagar",0.00,0.00,"Não informado",0,14.10,29.14
727,""CNR8549497"",""CID3887828"",12,"Cancelled by Driver",2024-09-23,00:00:13,Shahdara,"Rajiv Nagar",0.00,0.00,"Não informado",0,5.80,29.14
728,""CNR9728645"",""CID9950053"",6,Completed,2024-12-13,00:00:19,"Delhi Gate","Chirag Delhi",37.39,202.00,UPI,4,7.30,36.50
729,""CNR5387110"",""CID6918354"",15,"Cancelled by Customer",2024-05-15,00:00:20,"Anand Vihar ISBT","IGI Airport",0.00,0.00,"Não informado",0,15.70,29.14
730,""CNR9784011"",""CID5022682"",2,"No Driver Found",2024-01-16,00:00:16,"Shivaji Park","Bhikaji Cama Place",0.00,0.00,"Não informado",0,8.49,29.14
731,""CNR8547679"",""CID3104034"",9,Completed,2024-05-24,00:00:09,"Preet Vihar","Chirag Delhi",13.98,798.00,UPI,4,9.30,17.30
732,""CNR8180065"",""CID4649453"",6,Completed,2024-02-15,00:00:02,"Patel Chowk","Golf Course Road",34.07,264.00,"Debit Card",3,9.50,41.60
733,""CNR1113690"",""CID8230386"",10,Completed,2024-11-05,00:00:10,Janakpuri,"Lal Quila",43.53,324.00,UPI,5,10.90,18.80
734,""CNR4980155"",""CID4601365"",7,Completed,2024-01-27,00:00:21,"Preet Vihar","IIT Delhi",36.77,500.00,UPI,5,10.90,43.50
735,""CNR6932352"",""CID6010357"",5,Completed,2024-08-24,00:00:20,"Panchsheel Park","Sohna Road",28.46,440.00,UPI,4,9.40,44.90
736,""CNR2960807"",""CID7147857"",2,"Cancelled by Driver",2024-05-13,00:00:19,"Raj Nagar Extension","Tilak Nagar",0.00,0.00,"Não informado",0,5.50,29.14
737,""CNR3206791"",""CID7154060"",6,Completed,2024-11-18,00:00:15,"Tagore Garden","Ardee City",33.84,460.00,UPI,5,12.10,37.70
738,""CNR1699886"",""CID5132568"",2,"No Driver Found",2024-09-17,00:00:18,"Old Gurgaon","Noida Film City",0.00,0.00,"Não informado",0,8.49,29.14
739,""CNR6763949"",""CID3481963"",12,Incomplete,2024-05-25,00:00:14,"IGI Airport","Greater Noida",11.17,374.00,"Credit Card",0,9.50,29.20
740,""CNR4575541"",""CID8855641"",2,"Cancelled by Driver",2024-03-08,00:00:08,Indraprastha,Ashram,0.00,0.00,"Não informado",0,10.50,29.14
741,""CNR7353983"",""CID2934266"",5,Completed,2024-07-25,00:00:08,"Jor Bagh","Noida Sector 18",27.60,1940.00,Cash,4,12.30,37.90
742,""CNR2551232"",""CID4921473"",6,Completed,2024-06-15,00:00:22,Jahangirpuri,"Old Gurgaon",44.04,1216.00,UPI,3,2.60,35.30
743,""CNR4355189"",""CID3667293"",7,Completed,2024-02-13,00:00:10,"Lok Kalyan Marg","Sarojini Nagar",40.04,187.00,UPI,4,10.30,33.30
744,""CNR6074821"",""CID3220681"",6,Completed,2024-10-20,00:00:21,"Lajpat Nagar","Pataudi Chowk",48.62,478.00,UPI,3,6.40,17.20
745,""CNR7321457"",""CID2601371"",7,Completed,2024-12-30,00:00:19,"Yamuna Bank",Madipur,6.07,791.00,"Credit Card",4,3.20,34.40
746,""CNR8268251"",""CID6015431"",10,Completed,2024-02-25,00:00:06,"INA Market",Paharganj,15.26,636.00,UPI,5,12.00,44.20
747,""CNR2007488"",""CID5503761"",27,Completed,2024-03-04,00:00:05,"Connaught Place","Nirman Vihar",36.76,499.00,UPI,4,2.10,17.30
748,""CNR2608343"",""CID5304970"",15,"Cancelled by Driver",2024-02-06,00:00:16,Meerut,"Gurgaon Sector 56",0.00,0.00,"Não informado",0,4.90,29.14
749,""CNR6412163"",""CID3199156"",13,"Cancelled by Driver",2024-01-09,00:00:11,"IIT Delhi","INA Market",0.00,0.00,"Não informado",0,5.30,29.14
750,""CNR4316002"",""CID1378252"",4,Completed,2024-02-03,00:00:02,"Hero Honda Chowk",Welcome,11.48,1350.00,"Uber Wallet",5,10.90,37.70
751,""CNR1102112"",""CID4474837"",17,Completed,2024-10-30,00:00:16,Vinobapuri,"Dwarka Mor",12.59,461.00,UPI,5,2.90,31.80
752,""CNR6818363"",""CID8095753"",7,Completed,2024-01-12,00:00:13,"Cyber Hub","Rajiv Chowk",31.74,170.00,"Credit Card",5,7.90,44.70
753,""CNR9343046"",""CID5372136"",15,"Cancelled by Driver",2024-02-21,00:00:22,"Hauz Rani",Mehrauli,0.00,0.00,"Não informado",0,7.20,29.14
754,""CNR2528612"",""CID7944156"",8,"Cancelled by Driver",2024-08-04,00:00:17,"Rohini West","Jor Bagh",0.00,0.00,"Não informado",0,7.00,29.14
755,""CNR6237606"",""CID5288041"",2,"No Driver Found",2024-07-13,00:00:16,Sikanderpur,Vaishali,0.00,0.00,"Não informado",0,8.49,29.14
756,""CNR4223072"",""CID3839108"",10,Completed,2024-04-27,00:00:22,"Noida Extension",Okhla,38.70,558.00,UPI,5,10.80,37.80
757,""CNR3468589"",""CID8662732"",6,Completed,2024-02-04,00:00:07,Madipur,"Noida Film City",4.38,288.00,UPI,4,12.10,32.40
758,""CNR1334676"",""CID6137231"",13,"Cancelled by Customer",2024-03-18,00:00:10,Govindpuri,"Uttam Nagar",0.00,0.00,"Não informado",0,10.00,29.14
759,""CNR8286595"",""CID3688360"",2,"Cancelled by Driver",2024-06-01,00:00:16,"Rohini West",AIIMS,0.00,0.00,"Não informado",0,9.00,29.14
760,""CNR9470390"",""CID4005123"",5,Completed,2024-06-17,00:00:07,"Dwarka Mor","Yamuna Bank",29.31,133.00,"Credit Card",5,9.40,29.50
761,""CNR1837756"",""CID1952359"",16,Completed,2024-04-22,00:00:06,"Patel Chowk",AIIMS,2.35,123.00,Cash,5,12.50,28.50
762,""CNR9140671"",""CID3961912"",2,"No Driver Found",2024-06-10,00:00:06,"IFFCO Chowk",Paharganj,0.00,0.00,"Não informado",0,8.49,29.14
763,""CNR1525767"",""CID4267626"",6,Completed,2024-04-30,00:00:15,"Keshav Puram",Madipur,41.18,629.00,"Uber Wallet",4,3.30,30.30
764,""CNR2997075"",""CID4383879"",4,Completed,2024-11-08,00:00:20,"Green Park","Hauz Khas",49.37,201.00,Cash,4,12.70,40.70
765,""CNR1197334"",""CID4811646"",16,Completed,2024-03-30,00:00:13,Welcome,"Sarai Kale Khan",38.83,419.00,Cash,4,3.80,29.70
766,""CNR7693001"",""CID3162922"",22,Completed,2024-03-23,00:00:05,Ashram,Manesar,7.37,759.00,"Debit Card",4,6.70,32.90
767,""CNR1253094"",""CID5987358"",6,Completed,2024-11-30,00:00:14,"Mansarovar Park",Narsinghpur,48.69,399.00,"Credit Card",5,14.70,29.50
768,""CNR8396447"",""CID7092427"",9,Completed,2024-04-15,00:00:09,"Noida Sector 62","Rohini West",18.51,276.00,UPI,4,6.50,42.30
769,""CNR5564154"",""CID1161874"",5,Completed,2024-07-14,00:00:11,"RK Puram","IIT Delhi",36.02,1354.00,Cash,4,3.30,25.70
770,""CNR9257342"",""CID3040152"",26,Completed,2024-10-25,00:00:09,"Greater Kailash",Vaishali,7.92,529.00,"Debit Card",4,13.30,16.00
771,""CNR1402875"",""CID6416624"",8,"Cancelled by Customer",2024-01-19,00:00:20,"IMT Manesar",Narsinghpur,0.00,0.00,"Não informado",0,7.00,29.14
772,""CNR2843953"",""CID1482677"",18,"Cancelled by Driver",2024-09-29,00:00:14,"Shastri Park","Punjabi Bagh",0.00,0.00,"Não informado",0,3.50,29.14
773,""CNR7222740"",""CID7203480"",6,Completed,2024-09-17,00:00:19,"Samaypur Badli",Narsinghpur,20.57,306.00,UPI,5,12.10,16.40
774,""CNR9899113"",""CID8801951"",27,Completed,2024-09-09,00:00:14,"Barakhamba Road","Ghitorni Village",49.73,535.00,Cash,5,7.10,38.20
775,""CNR6812400"",""CID4486632"",6,Completed,2024-04-13,00:00:15,"Cyber Hub",Sonipat,26.70,200.00,Cash,5,2.20,30.50
776,""CNR4150977"",""CID2327849"",7,Completed,2024-12-16,00:00:19,"Anand Vihar ISBT","Shastri Park",38.89,362.00,"Credit Card",5,10.70,17.10
777,""CNR3734242"",""CID3756393"",3,Completed,2024-07-24,00:00:22,"Gwal Pahari",Vaishali,30.05,337.00,Cash,5,8.60,23.00
778,""CNR1225583"",""CID5214580"",5,Completed,2024-01-18,00:00:10,Indraprastha,"Shastri Park",26.69,558.00,Cash,4,5.60,41.70
779,""CNR5229368"",""CID2357762"",5,Completed,2024-07-05,00:00:17,"Barakhamba Road","Malviya Nagar",48.89,800.00,UPI,5,2.90,16.20
780,""CNR1514107"",""CID5502329"",22,Completed,2024-10-27,00:00:21,"Khan Market","Ardee City",49.07,654.00,UPI,4,11.30,24.10
781,""CNR5802013"",""CID4814890"",5,Completed,2024-08-16,00:00:18,Kadarpur,"Patel Chowk",16.41,171.00,UPI,4,13.00,23.30
782,""CNR9109548"",""CID9473312"",27,Completed,2024-03-21,00:00:20,"Hauz Rani","Vidhan Sabha",49.85,471.00,UPI,5,7.10,25.40
783,""CNR2660023"",""CID8266020"",8,"No Driver Found",2024-09-21,00:00:23,Saket,"Vasant Kunj",0.00,0.00,"Não informado",0,8.49,29.14
784,""CNR5332569"",""CID7862170"",8,"Cancelled by Driver",2024-04-14,00:00:09,"Jor Bagh","Basai Dhankot",0.00,0.00,"Não informado",0,8.80,29.14
785,""CNR6582244"",""CID1946537"",16,Completed,2024-11-26,00:00:21,"Samaypur Badli","Maidan Garhi",36.43,326.00,UPI,4,7.70,41.00
786,""CNR9225401"",""CID6351880"",22,Completed,2024-07-05,00:00:14,"Saket A Block","Vasant Kunj",12.32,142.00,UPI,5,4.60,21.00
787,""CNR9779407"",""CID9017905"",21,Completed,2024-03-21,00:00:20,"Huda City Centre",Saket,21.61,234.00,Cash,5,14.20,35.00
788,""CNR7499719"",""CID7731156"",15,Incomplete,2024-12-06,00:00:22,"Shastri Park","Raj Nagar Extension",3.88,483.00,"Uber Wallet",0,8.80,20.80
789,""CNR1119582"",""CID5402994"",16,Completed,2024-04-01,00:00:17,Azadpur,Janakpuri,14.94,203.00,UPI,5,5.30,21.10
790,""CNR8016519"",""CID6857817"",7,Completed,2024-11-30,00:00:20,"Satguru Ram Singh Marg",Govindpuri,7.03,1117.00,UPI,5,5.20,18.70
791,""CNR9644415"",""CID5577509"",22,Completed,2024-07-19,00:00:01,"Ashok Park Main","South Extension",37.69,394.00,Cash,4,2.30,16.50
792,""CNR5456664"",""CID4715517"",13,"No Driver Found",2024-08-14,00:00:18,Bhiwadi,Seelampur,0.00,0.00,"Não informado",0,8.49,29.14
793,""CNR4729656"",""CID2582691"",4,Completed,2024-06-23,00:00:06,"Tis Hazari","Botanical Garden",41.21,354.00,UPI,5,8.00,16.90
794,""CNR6652189"",""CID6423494"",13,"Cancelled by Driver",2024-01-14,00:00:20,"Rajiv Chowk","Noida Sector 18",0.00,0.00,"Não informado",0,9.20,29.14
795,""CNR2437908"",""CID6838450"",16,Completed,2024-05-28,00:00:16,Arjangarh,"IMT Manesar",29.02,184.00,UPI,4,10.10,24.90
796,""CNR5603997"",""CID3412071"",21,Completed,2024-12-07,00:00:14,"Patel Chowk","Dwarka Mor",13.87,163.00,Cash,3,5.80,28.30
797,""CNR9904285"",""CID1832976"",22,Completed,2024-08-23,00:00:12,"Palam Vihar","Huda City Centre",41.05,221.00,"Debit Card",4,9.90,36.10
798,""CNR2349802"",""CID9824071"",6,Completed,2024-05-08,00:00:11,Indraprastha,"IFFCO Chowk",7.78,994.00,"Credit Card",4,2.60,21.60
799,""CNR3812162"",""CID7474910"",6,Completed,2024-12-16,00:00:20,"Panchsheel Park","Botanical Garden",36.27,266.00,UPI,5,12.30,43.20
800,""CNR6718124"",""CID1617069"",15,"Cancelled by Driver",2024-04-10,00:00:08,Bahadurgarh,"New Colony",0.00,0.00,"Não informado",0,6.30,29.14
801,""CNR6519969"",""CID1271357"",12,"Cancelled by Driver",2024-05-09,00:00:14,"Huda City Centre","Jor Bagh",0.00,0.00,"Não informado",0,6.20,29.14
802,""CNR8247998"",""CID2775210"",2,"No Driver Found",2024-04-01,00:00:17,"Khan Market","Subhash Chowk",0.00,0.00,"Não informado",0,8.49,29.14
803,""CNR7880156"",""CID9349348"",5,Completed,2024-04-03,00:00:12,"Panchsheel Park","Subhash Nagar",16.94,111.00,Cash,4,10.90,19.60
804,""CNR8040531"",""CID2273432"",4,Completed,2024-03-25,00:00:22,"Dilshad Garden","Huda City Centre",38.08,442.00,UPI,4,3.50,28.00
805,""CNR5118917"",""CID4154067"",15,"Cancelled by Customer",2024-10-13,00:00:18,"Raj Nagar Extension","Patel Chowk",0.00,0.00,"Não informado",0,15.00,29.14
806,""CNR5790131"",""CID4605629"",3,Completed,2024-08-14,00:00:18,"Adarsh Nagar",Welcome,7.46,169.00,UPI,4,15.00,24.20
807,""CNR8312838"",""CID3210950"",6,Completed,2024-02-20,00:00:20,"Palam Vihar","Udyog Vihar Phase 4",20.80,98.00,"Debit Card",4,3.70,23.80
808,""CNR8307726"",""CID5691528"",12,"No Driver Found",2024-05-18,00:00:10,"Lajpat Nagar","Udyog Vihar Phase 4",0.00,0.00,"Não informado",0,8.49,29.14
809,""CNR3232014"",""CID6616993"",2,"Cancelled by Driver",2024-05-06,00:00:18,"Golf Course Road",Welcome,0.00,0.00,"Não informado",0,5.00,29.14
810,""CNR8002052"",""CID4254414"",6,Completed,2024-01-28,00:00:11,Kalkaji,Jahangirpuri,8.24,1311.00,UPI,4,13.70,29.00
811,""CNR8045058"",""CID7712950"",19,Completed,2024-06-27,00:00:11,"New Colony","Dilshad Garden",28.75,805.00,"Uber Wallet",4,3.70,34.20
812,""CNR5682531"",""CID7080169"",13,"Cancelled by Driver",2024-10-22,00:00:20,"Subhash Nagar","IMT Manesar",0.00,0.00,"Não informado",0,10.00,29.14
813,""CNR5102449"",""CID9555252"",12,"Cancelled by Customer",2024-03-06,00:00:19,"Ghitorni Village","DLF City Court",0.00,0.00,"Não informado",0,5.20,29.14
814,""CNR9643938"",""CID8686033"",1,"No Driver Found",2024-11-09,00:00:10,"Noida Film City","Noida Extension",0.00,0.00,"Não informado",0,8.49,29.14
815,""CNR9794903"",""CID4483406"",2,"No Driver Found",2024-05-30,00:00:18,Seelampur,"Cyber Hub",0.00,0.00,"Não informado",0,8.49,29.14
816,""CNR7515601"",""CID6549525"",15,"Cancelled by Driver",2024-03-02,00:00:07,"Basai Dhankot","Lok Kalyan Marg",0.00,0.00,"Não informado",0,4.70,29.14
817,""CNR5029264"",""CID1832188"",13,"Cancelled by Driver",2024-03-06,00:00:14,"Ardee City",Kaushambi,0.00,0.00,"Não informado",0,6.60,29.14
818,""CNR6064614"",""CID8940207"",23,Completed,2024-02-18,00:00:16,"Udyog Vihar Phase 4","Ghitorni Village",30.69,396.00,"Uber Wallet",5,5.80,35.60
819,""CNR1014333"",""CID1321465"",15,"Cancelled by Driver",2024-01-09,00:00:07,"Botanical Garden","Noida Extension",0.00,0.00,"Não informado",0,4.60,29.14
820,""CNR4378110"",""CID5808772"",16,Completed,2024-07-24,00:00:04,Tughlakabad,Sultanpur,9.44,827.00,"Uber Wallet",5,3.60,34.20
821,""CNR6262050"",""CID1519615"",26,Completed,2024-08-05,00:00:10,"DLF City Court","Golf Course Road",11.46,269.00,UPI,5,6.60,37.00
822,""CNR3852879"",""CID3865550"",5,Completed,2024-12-21,00:00:21,"Botanical Garden","Ashok Vihar",18.67,910.00,"Debit Card",4,6.00,35.80
823,""CNR8612043"",""CID9079035"",17,Completed,2024-05-13,00:00:01,"Sadar Bazar Gurgaon","New Colony",44.66,215.00,"Credit Card",5,9.30,37.50
824,""CNR7090590"",""CID7765452"",13,"Cancelled by Driver",2024-08-13,00:00:11,"Chandni Chowk","Uttam Nagar",0.00,0.00,"Não informado",0,8.10,29.14
825,""CNR9596957"",""CID9489055"",5,Completed,2024-03-27,00:00:10,"IMT Manesar","Model Town",28.50,613.00,UPI,4,12.80,28.70
826,""CNR3903771"",""CID2090352"",2,"No Driver Found",2024-09-27,00:00:18,"Preet Vihar","Netaji Subhash Place",0.00,0.00,"Não informado",0,8.49,29.14
827,""CNR1411238"",""CID1130305"",6,Completed,2024-03-18,00:00:07,"Udyog Vihar","Rajiv Nagar",9.39,393.00,UPI,4,9.10,16.20
828,""CNR7088895"",""CID5439093"",15,Incomplete,2024-01-20,00:00:14,Rithala,"New Colony",19.67,315.00,Cash,0,6.60,22.70
829,""CNR6374018"",""CID9501499"",9,Completed,2024-05-28,00:00:11,"Satguru Ram Singh Marg","Nehru Place",45.95,64.00,"Credit Card",5,12.00,28.10
830,""CNR1293051"",""CID7350062"",1,"Cancelled by Customer",2024-06-23,00:00:05,Janakpuri,Bahadurgarh,0.00,0.00,"Não informado",0,13.20,29.14
831,""CNR4054173"",""CID2327200"",12,"Cancelled by Driver",2024-02-25,00:00:20,"Dwarka Mor",Paharganj,0.00,0.00,"Não informado",0,7.10,29.14
832,""CNR2377415"",""CID4491822"",13,"No Driver Found",2024-12-29,00:00:16,"Rohini West","Rajiv Chowk",0.00,0.00,"Não informado",0,8.49,29.14
833,""CNR7738075"",""CID4932452"",6,Completed,2024-11-04,00:00:09,"Greater Kailash","Shastri Park",23.54,229.00,UPI,3,8.30,33.50
834,""CNR7783758"",""CID5342012"",3,Completed,2024-09-09,00:00:19,"DLF Phase 3",Sikanderpur,37.57,200.00,Cash,5,11.80,16.50
835,""CNR4013019"",""CID9594819"",5,Completed,2024-11-23,00:00:23,Sultanpur,"Adarsh Nagar",48.34,417.00,Cash,4,11.30,17.70
836,""CNR8881470"",""CID4932698"",13,"Cancelled by Driver",2024-10-31,00:00:05,"Adarsh Nagar","India Gate",0.00,0.00,"Não informado",0,7.20,29.14
837,""CNR2815251"",""CID6116938"",6,Completed,2024-08-21,00:00:17,"Malviya Nagar",Okhla,13.21,292.00,UPI,5,14.90,35.30
838,""CNR6067092"",""CID7593764"",19,Completed,2024-05-05,00:00:21,"Civil Lines Gurgaon",Ghitorni,33.16,1284.00,"Debit Card",5,11.50,15.10
839,""CNR7740942"",""CID6210867"",2,"Cancelled by Customer",2024-10-06,00:00:20,"Punjabi Bagh",Vinobapuri,0.00,0.00,"Não informado",0,5.20,29.14
840,""CNR4635469"",""CID6486028"",7,Completed,2024-05-19,00:00:15,Sultanpur,Saket,17.31,791.00,UPI,5,4.10,21.20
841,""CNR9773621"",""CID4796051"",5,Completed,2024-07-05,00:00:14,Ghitorni,"Ardee City",37.93,304.00,Cash,4,2.00,42.20
842,""CNR5623982"",""CID1867596"",7,Completed,2024-04-05,00:00:21,"Jor Bagh","Nehru Place",37.40,404.00,Cash,5,5.90,41.50
843,""CNR7255873"",""CID7144242"",2,"No Driver Found",2024-12-23,00:00:17,"Ardee City","Basai Dhankot",0.00,0.00,"Não informado",0,8.49,29.14
844,""CNR9997247"",""CID4663643"",14,Completed,2024-06-01,00:00:18,Moolchand,ITO,28.60,109.00,Cash,4,14.00,32.70
845,""CNR9550265"",""CID4241778"",9,Completed,2024-06-15,00:00:07,"GTB Nagar",Saidulajab,38.66,506.00,Cash,5,14.70,15.40
846,""CNR2984723"",""CID1804405"",17,Completed,2024-01-26,00:00:17,"Ardee City",Paharganj,39.67,150.00,Cash,5,9.50,32.00
847,""CNR1617944"",""CID6098062"",2,"Cancelled by Driver",2024-01-29,00:00:18,"Raj Nagar Extension","Paschim Vihar",0.00,0.00,"Não informado",0,10.60,29.14
848,""CNR1040980"",""CID5571818"",6,Completed,2024-03-12,00:00:17,Narsinghpur,Sikanderpur,42.26,196.00,UPI,4,13.30,19.50
849,""CNR9355722"",""CID7457062"",2,"Cancelled by Driver",2024-09-03,00:00:12,"Shastri Park",Seelampur,0.00,0.00,"Não informado",0,4.50,29.14
850,""CNR9745285"",""CID9345233"",3,Completed,2024-08-11,00:00:04,"South Extension",Tughlakabad,28.14,655.00,UPI,4,14.80,28.90
851,""CNR2190713"",""CID4844037"",15,Incomplete,2024-01-18,00:00:22,"Barakhamba Road","Rohini West",12.12,789.00,Cash,0,7.90,21.10
852,""CNR8421118"",""CID4903185"",10,Completed,2024-05-16,00:00:09,"IMT Manesar",Arjangarh,48.57,408.00,UPI,4,7.90,27.90
853,""CNR8515605"",""CID2540657"",10,Completed,2024-06-26,00:00:09,"Vatika Chowk","RK Puram",30.58,397.00,UPI,5,12.60,41.50
854,""CNR5333516"",""CID5665850"",3,Completed,2024-03-30,00:00:00,"Nirman Vihar","Rajouri Garden",18.74,1079.00,UPI,4,14.30,37.60
855,""CNR8297132"",""CID9988553"",15,"Cancelled by Driver",2024-09-14,00:00:07,Vishwavidyalaya,"Kherki Daula Toll",0.00,0.00,"Não informado",0,4.90,29.14
856,""CNR9164552"",""CID8275193"",10,Completed,2024-05-09,00:00:19,"IGNOU Road","South Extension",42.88,247.00,Cash,4,10.70,26.50
857,""CNR8485090"",""CID5216991"",20,Completed,2024-12-21,00:00:10,Pulbangash,Chanakyapuri,12.82,150.00,UPI,5,3.00,44.70
858,""CNR3607314"",""CID8023764"",10,Completed,2024-08-06,00:00:06,"Mandi House","Netaji Subhash Place",18.48,532.00,UPI,4,14.90,27.20
859,""CNR9459818"",""CID6307222"",2,"No Driver Found",2024-11-14,00:00:11,"Hauz Khas",Shahdara,0.00,0.00,"Não informado",0,8.49,29.14
860,""CNR6353083"",""CID2779684"",10,Completed,2024-04-16,00:00:20,"Delhi Gate","Greater Kailash",9.14,79.00,"Credit Card",5,5.30,20.20
861,""CNR4394990"",""CID2820306"",6,Completed,2024-03-18,00:00:23,"Udyog Vihar",Tughlakabad,3.81,693.00,UPI,5,6.70,29.40
862,""CNR6830353"",""CID9470650"",7,Completed,2024-11-21,00:00:13,Karkarduma,"Connaught Place",26.65,116.00,UPI,5,6.20,22.70
863,""CNR7853278"",""CID5735140"",4,Completed,2024-01-04,00:00:21,"Adarsh Nagar",Chhatarpur,43.07,822.00,Cash,5,9.00,42.60
864,""CNR7582563"",""CID3253580"",13,Incomplete,2024-06-27,00:00:11,Manesar,"Aya Nagar",10.75,859.00,"Uber Wallet",0,5.70,26.30
865,""CNR3011900"",""CID3543348"",8,"No Driver Found",2024-05-11,00:00:19,Mundka,Indirapuram,0.00,0.00,"Não informado",0,8.49,29.14
866,""CNR7757647"",""CID2322190"",8,"Cancelled by Driver",2024-04-01,00:00:17,Vaishali,"Palam Vihar",0.00,0.00,"Não informado",0,9.80,29.14
867,""CNR2454128"",""CID7437817"",8,"Cancelled by Driver",2024-03-19,00:00:10,"Gwal Pahari","Pragati Maidan",0.00,0.00,"Não informado",0,7.90,29.14
868,""CNR2835469"",""CID5414240"",12,"Cancelled by Driver",2024-02-28,00:00:17,"INA Market","Anand Vihar ISBT",0.00,0.00,"Não informado",0,11.70,29.14
869,""CNR4660448"",""CID4787728"",7,Completed,2024-09-16,00:00:07,"Old Gurgaon",Shahdara,19.57,1149.00,Cash,4,7.60,21.50
870,""CNR2181948"",""CID8304340"",3,Completed,2024-05-16,00:00:12,"IGI Airport","Udyog Bhawan",42.06,213.00,UPI,5,5.80,23.00
871,""CNR3242595"",""CID3390496"",6,Completed,2024-08-12,00:00:18,"Hauz Khas","India Gate",31.41,135.00,UPI,4,2.90,28.80
872,""CNR5225897"",""CID2289109"",27,Completed,2024-11-13,00:00:12,"GTB Nagar","Ramesh Nagar",23.03,606.00,Cash,5,6.70,36.90
873,""CNR8485525"",""CID3386400"",7,Completed,2024-11-09,00:00:18,Panipat,Seelampur,19.91,1167.00,Cash,5,10.80,21.50
874,""CNR6591899"",""CID7709961"",4,Completed,2024-05-27,00:00:01,"Kirti Nagar","Botanical Garden",34.89,341.00,"Uber Wallet",5,8.70,19.80
875,""CNR1918185"",""CID3329113"",21,Completed,2024-11-11,00:00:17,"IMT Manesar","Subhash Nagar",49.23,693.00,"Credit Card",5,8.10,20.20
876,""CNR6083000"",""CID6880325"",17,Completed,2024-01-26,00:00:07,"Mansarovar Park","Malviya Nagar",3.18,327.00,UPI,5,12.10,15.20
877,""CNR4409680"",""CID7806785"",6,Completed,2024-08-31,00:00:16,"Udyog Bhawan","Chandni Chowk",12.76,268.00,UPI,5,12.20,25.00
878,""CNR8888446"",""CID4564685"",7,Completed,2024-11-09,00:00:13,"Keshav Puram","Uttam Nagar",20.30,187.00,Cash,4,13.90,31.80
879,""CNR8702299"",""CID3726780"",8,Incomplete,2024-08-29,00:00:16,"Lajpat Nagar",Pitampura,4.60,112.00,UPI,0,4.80,28.00
880,""CNR1347218"",""CID2714982"",23,Completed,2024-10-16,00:00:16,Indirapuram,"Satguru Ram Singh Marg",23.28,536.00,"Credit Card",5,2.30,15.30
881,""CNR8751630"",""CID6701309"",13,"Cancelled by Driver",2024-09-22,00:00:17,"Noida Sector 18","Green Park",0.00,0.00,"Não informado",0,10.00,29.14
882,""CNR3359078"",""CID9059706"",7,Completed,2024-08-21,00:00:18,"New Delhi Railway Station","Gurgaon Sector 56",36.23,820.00,Cash,5,2.20,16.50
883,""CNR9492527"",""CID9116359"",9,Completed,2024-08-14,00:00:10,"Central Secretariat","Cyber Hub",24.20,191.00,"Credit Card",5,10.30,16.90
884,""CNR4639859"",""CID4052856"",21,Completed,2024-08-23,00:00:14,"Saket A Block","Adarsh Nagar",8.28,329.00,"Debit Card",5,13.00,16.20
885,""CNR9095375"",""CID3382507"",17,Completed,2024-06-30,00:00:20,Badarpur,"Jama Masjid",29.75,456.00,UPI,4,8.90,30.10
886,""CNR4374938"",""CID6260372"",10,Completed,2024-10-19,00:00:11,"Gurgaon Sector 56","Sohna Road",43.55,137.00,UPI,5,6.10,25.50
887,""CNR9848189"",""CID4174741"",12,"Cancelled by Customer",2024-08-04,00:00:17,Jhilmil,Badarpur,0.00,0.00,"Não informado",0,5.80,29.14
888,""CNR8659466"",""CID9420538"",7,Completed,2024-08-02,00:00:18,"Palam Vihar","Karol Bagh",9.54,959.00,UPI,3,12.30,27.20
889,""CNR8715264"",""CID8960211"",8,"Cancelled by Customer",2024-07-23,00:00:13,Indirapuram,"Karol Bagh",0.00,0.00,"Não informado",0,11.30,29.14
890,""CNR9935747"",""CID6375103"",15,"No Driver Found",2024-01-08,00:00:21,"Pragati Maidan","Gwal Pahari",0.00,0.00,"Não informado",0,8.49,29.14
891,""CNR8685135"",""CID2643458"",6,Completed,2024-10-02,00:00:08,Panipat,Narsinghpur,15.62,55.00,Cash,4,7.10,31.90
892,""CNR4974285"",""CID2169140"",7,Completed,2024-05-24,00:00:17,Paharganj,"Rajiv Chowk",9.18,236.00,UPI,5,5.10,34.80
893,""CNR7308560"",""CID9045762"",15,"Cancelled by Driver",2024-03-14,00:00:13,"Cyber Hub",Inderlok,0.00,0.00,"Não informado",0,5.80,29.14
894,""CNR7351111"",""CID9729883"",2,Incomplete,2024-01-20,00:00:18,"Dilshad Garden",Ashram,4.99,147.00,UPI,0,8.10,17.80
895,""CNR6977914"",""CID9574283"",24,Completed,2024-10-03,00:00:09,"Barakhamba Road",Vaishali,44.94,351.00,Cash,4,10.90,20.80
896,""CNR3025545"",""CID3749271"",8,"Cancelled by Driver",2024-05-29,00:00:18,Pulbangash,"Maidan Garhi",0.00,0.00,"Não informado",0,3.10,29.14
897,""CNR1878243"",""CID3914821"",6,Completed,2024-06-28,00:00:15,Meerut,"Punjabi Bagh",17.72,153.00,Cash,4,3.40,40.30
898,""CNR2811416"",""CID3489874"",23,Completed,2024-06-10,00:00:22,"Saket A Block",Ghaziabad,8.14,458.00,UPI,4,13.50,22.10
899,""CNR5002456"",""CID2958474"",15,"Cancelled by Driver",2024-03-26,00:00:03,"Chandni Chowk","Noida Extension",0.00,0.00,"Não informado",0,11.20,29.14
900,""CNR3147660"",""CID4161249"",8,"Cancelled by Driver",2024-06-27,00:00:08,"Chandni Chowk","Hauz Khas",0.00,0.00,"Não informado",0,6.30,29.14
901,""CNR2412286"",""CID1349136"",2,"Cancelled by Customer",2024-02-25,00:00:19,"Greater Noida","Udyog Vihar",0.00,0.00,"Não informado",0,13.90,29.14
902,""CNR3807454"",""CID3957434"",20,Completed,2024-03-29,00:00:10,"Greater Noida","Ashok Park Main",34.42,216.00,UPI,5,6.20,33.90
903,""CNR9517668"",""CID1867642"",15,"No Driver Found",2024-04-05,00:00:22,"New Colony","Botanical Garden",0.00,0.00,"Não informado",0,8.49,29.14
904,""CNR2193483"",""CID5673861"",10,Completed,2024-01-10,00:00:20,"Subhash Chowk","Sohna Road",19.11,405.00,"Debit Card",4,7.60,44.80
905,""CNR6361535"",""CID9286934"",15,"Cancelled by Customer",2024-10-10,00:00:23,Kaushambi,"Khan Market",0.00,0.00,"Não informado",0,9.60,29.14
906,""CNR5695370"",""CID6755589"",15,"Cancelled by Customer",2024-10-06,00:00:22,Narsinghpur,Vaishali,0.00,0.00,"Não informado",0,6.80,29.14
907,""CNR6409248"",""CID9647825"",23,Completed,2024-12-21,00:00:12,Saket,Narsinghpur,8.69,97.00,Cash,4,11.10,39.60
908,""CNR1196310"",""CID1163068"",2,Incomplete,2024-10-21,00:00:08,Peeragarhi,"Udyog Vihar",17.60,630.00,Cash,0,8.10,16.70
909,""CNR6740582"",""CID3832892"",21,Completed,2024-06-04,00:00:19,Bahadurgarh,Pitampura,35.07,387.00,UPI,4,6.30,35.30
910,""CNR6083410"",""CID9355857"",7,Completed,2024-09-17,00:00:11,Moolchand,Bhiwadi,8.78,358.00,UPI,5,3.30,21.70
911,""CNR7955907"",""CID2029974"",15,Incomplete,2024-11-10,00:00:05,"Vasant Kunj","Pragati Maidan",8.98,327.00,UPI,0,7.30,27.30
912,""CNR2111563"",""CID2449130"",10,Completed,2024-06-07,00:00:22,Narsinghpur,ITO,45.62,784.00,UPI,5,2.10,38.60
913,""CNR4906527"",""CID6052473"",8,"No Driver Found",2024-07-17,00:00:16,"Pragati Maidan","Satguru Ram Singh Marg",0.00,0.00,"Não informado",0,8.49,29.14
914,""CNR7390528"",""CID5008221"",10,Completed,2024-11-17,00:00:14,"Ardee City","Golf Course Road",31.91,314.00,Cash,4,8.60,16.60
915,""CNR8364035"",""CID3533057"",11,Completed,2024-02-08,00:00:13,"Punjabi Bagh","New Colony",12.66,802.00,"Uber Wallet",5,5.00,17.70
916,""CNR7174639"",""CID7557390"",10,Completed,2024-08-15,00:00:17,"Kashmere Gate","Gwal Pahari",35.30,746.00,Cash,4,4.00,24.60
917,""CNR1560310"",""CID5422444"",9,Completed,2024-07-13,00:00:09,"Vatika Chowk","Sadar Bazar Gurgaon",23.92,605.00,UPI,5,4.70,38.60
918,""CNR3970240"",""CID7374279"",2,"Cancelled by Driver",2024-07-30,00:00:14,"Netaji Subhash Place","Botanical Garden",0.00,0.00,"Não informado",0,11.10,29.14
919,""CNR4382741"",""CID3149458"",17,Completed,2024-07-02,00:00:09,Ghaziabad,Sonipat,18.37,1531.00,"Uber Wallet",4,2.90,32.50
920,""CNR7797231"",""CID3367527"",10,Completed,2024-05-06,00:00:18,"Rohini West","Jor Bagh",31.47,343.00,"Debit Card",5,6.60,19.60
921,""CNR6386320"",""CID4239191"",13,"Cancelled by Customer",2024-11-16,00:00:08,AIIMS,"Rajouri Garden",0.00,0.00,"Não informado",0,16.50,29.14
922,""CNR8619672"",""CID7624742"",5,Completed,2024-11-05,00:00:07,Panipat,"Raj Nagar Extension",27.43,76.00,UPI,5,5.00,29.40
923,""CNR1193379"",""CID5222740"",1,"Cancelled by Driver",2024-06-12,00:00:20,Kadarpur,"Dwarka Sector 21",0.00,0.00,"Não informado",0,11.80,29.14
924,""CNR5958696"",""CID7514435"",22,Completed,2024-04-15,00:00:08,Madipur,Manesar,29.03,213.00,"Uber Wallet",5,14.30,42.90
925,""CNR8183883"",""CID1604632"",21,Completed,2024-04-16,00:00:15,"Shastri Park","Ashok Park Main",20.90,171.00,Cash,4,11.80,26.50
926,""CNR6271647"",""CID5857943"",7,Completed,2024-04-09,00:00:12,"Dilshad Garden","IFFCO Chowk",40.01,422.00,UPI,4,2.60,43.90
927,""CNR3368097"",""CID5342876"",15,Incomplete,2024-11-08,00:00:19,"Cyber Hub","Noida Extension",8.06,119.00,Cash,0,6.80,23.80
928,""CNR2405692"",""CID5235850"",10,Completed,2024-06-23,00:00:15,"Lajpat Nagar","Lok Kalyan Marg",30.08,659.00,"Debit Card",4,5.00,15.10
929,""CNR4504689"",""CID8860496"",15,Incomplete,2024-03-10,00:00:22,"Kashmere Gate ISBT","Nirman Vihar",11.31,1247.00,"Debit Card",0,8.30,20.20
930,""CNR4090518"",""CID1745153"",2,"Cancelled by Driver",2024-12-16,00:00:19,Ghitorni,Jahangirpuri,0.00,0.00,"Não informado",0,10.40,29.14
931,""CNR3597186"",""CID3819273"",6,Completed,2024-01-09,00:00:22,Panipat,"Tagore Garden",43.33,279.00,UPI,5,10.50,38.90
932,""CNR2988566"",""CID9899554"",7,Completed,2024-07-13,00:00:20,Moolchand,"Gurgaon Sector 56",23.65,2908.00,"Debit Card",5,11.50,22.50
933,""CNR8387259"",""CID4297352"",8,Incomplete,2024-02-25,00:00:21,AIIMS,"Vasant Kunj",12.81,447.00,"Uber Wallet",0,3.20,14.10
934,""CNR2199158"",""CID4756285"",10,Completed,2024-06-27,00:00:14,"Mayur Vihar","Samaypur Badli",40.97,726.00,Cash,5,4.80,30.90
935,""CNR2950889"",""CID4523333"",6,Completed,2024-09-10,00:00:21,Okhla,Shahdara,23.39,54.00,Cash,5,10.40,44.90
936,""CNR8911870"",""CID4250474"",16,Completed,2024-02-07,00:00:18,Pulbangash,"Karol Bagh",46.44,321.00,Cash,3,7.50,20.80
937,""CNR7798385"",""CID2099999"",15,"Cancelled by Customer",2024-07-11,00:00:08,Paharganj,"Barakhamba Road",0.00,0.00,"Não informado",0,15.90,29.14
938,""CNR4758907"",""CID5407822"",13,"Cancelled by Customer",2024-08-02,00:00:12,"Sarojini Nagar","Noida Sector 62",0.00,0.00,"Não informado",0,7.30,29.14
939,""CNR6911961"",""CID7777597"",8,Incomplete,2024-08-30,00:00:10,"Subhash Nagar",Narsinghpur,3.25,874.00,"Uber Wallet",0,9.90,19.60
940,""CNR6601381"",""CID5826087"",18,"Cancelled by Driver",2024-09-25,00:00:00,"Raj Nagar Extension","Hero Honda Chowk",0.00,0.00,"Não informado",0,5.50,29.14
941,""CNR4915259"",""CID4919793"",21,Completed,2024-07-22,00:00:18,"Paschim Vihar","Kherki Daula Toll",43.79,790.00,UPI,5,7.50,21.30
942,""CNR2926411"",""CID6427273"",12,"Cancelled by Driver",2024-03-31,00:00:01,"Jor Bagh","New Delhi Railway Station",0.00,0.00,"Não informado",0,9.80,29.14
943,""CNR9738358"",""CID6472958"",12,"Cancelled by Driver",2024-05-19,00:00:20,"Hauz Rani","Yamuna Bank",0.00,0.00,"Não informado",0,8.70,29.14
944,""CNR5391386"",""CID9881299"",21,Completed,2024-10-18,00:00:08,"Dilshad Garden","Faridabad Sector 15",32.82,56.00,"Credit Card",5,14.80,27.00
945,""CNR8622026"",""CID4863126"",21,Completed,2024-04-22,00:00:17,Karkarduma,"Tagore Garden",19.82,889.00,"Debit Card",4,10.30,29.20
946,""CNR7540549"",""CID9241944"",6,Completed,2024-11-04,00:00:17,"Faridabad Sector 15",Peeragarhi,40.00,722.00,Cash,5,4.10,37.80
947,""CNR5857020"",""CID1401158"",7,Completed,2024-09-03,00:00:06,"Qutub Minar",Welcome,40.66,175.00,UPI,5,13.90,30.30
948,""CNR5942508"",""CID5005415"",9,Completed,2024-03-29,00:00:06,"Sushant Lok","Civil Lines Gurgaon",10.89,539.00,UPI,4,7.90,16.30
949,""CNR3628651"",""CID6075253"",1,"Cancelled by Driver",2024-01-02,00:00:19,"DLF City Court","Lok Kalyan Marg",0.00,0.00,"Não informado",0,4.10,29.14
950,""CNR5382573"",""CID7132603"",1,"No Driver Found",2024-02-08,00:00:06,"Dwarka Sector 21","Rajiv Chowk",0.00,0.00,"Não informado",0,8.49,29.14
951,""CNR9229961"",""CID1690186"",7,Completed,2024-10-17,00:00:15,"Dwarka Sector 21",Govindpuri,41.40,822.00,UPI,4,11.80,43.60
952,""CNR8921876"",""CID8068764"",21,Completed,2024-06-04,00:00:15,"Gwal Pahari",Pitampura,34.71,298.00,"Credit Card",4,7.20,32.00
953,""CNR1354470"",""CID4531973"",6,Completed,2024-06-20,00:00:05,Indirapuram,"Chandni Chowk",34.68,812.00,UPI,4,2.10,41.80
954,""CNR4787896"",""CID6467433"",6,Completed,2024-03-02,00:00:11,Tughlakabad,"New Colony",26.32,761.00,UPI,4,2.40,24.80
955,""CNR5177584"",""CID5247355"",1,"Cancelled by Customer",2024-04-15,00:00:19,"Sarojini Nagar","RK Puram",0.00,0.00,"Não informado",0,11.50,29.14
956,""CNR2878238"",""CID2218993"",20,Completed,2024-04-26,00:00:13,"Vasant Kunj","Huda City Centre",13.50,313.00,UPI,5,11.80,32.10
957,""CNR8890665"",""CID5429192"",8,"No Driver Found",2024-03-18,00:00:14,"Noida Extension",Okhla,0.00,0.00,"Não informado",0,8.49,29.14
958,""CNR1524669"",""CID9328632"",18,"Cancelled by Customer",2024-03-22,00:00:17,Okhla,"INA Market",0.00,0.00,"Não informado",0,7.40,29.14
959,""CNR1885399"",""CID7934398"",7,Completed,2024-02-29,00:00:17,"Rajiv Chowk",Welcome,11.82,217.00,Cash,3,10.80,29.20
960,""CNR4501662"",""CID2152677"",13,"Cancelled by Driver",2024-12-22,00:00:07,"Noida Film City",Ghitorni,0.00,0.00,"Não informado",0,11.10,29.14
961,""CNR7595996"",""CID4054315"",15,"Cancelled by Customer",2024-02-25,00:00:15,Vinobapuri,"Mansarovar Park",0.00,0.00,"Não informado",0,8.70,29.14
962,""CNR7170245"",""CID9437617"",10,Completed,2024-10-17,00:00:16,"Civil Lines Gurgaon","Vatika Chowk",12.70,811.00,UPI,4,4.60,29.40
963,""CNR5714550"",""CID8197961"",6,Completed,2024-01-29,00:00:18,Ghaziabad,"Sohna Road",25.71,438.00,"Credit Card",5,10.60,40.20
964,""CNR3474101"",""CID4158599"",13,Incomplete,2024-01-08,00:00:19,"Tilak Nagar","Botanical Garden",1.24,682.00,Cash,0,4.60,14.00
965,""CNR5177240"",""CID6440222"",6,Completed,2024-06-06,00:00:15,"Punjabi Bagh","Khan Market",6.61,294.00,"Credit Card",5,10.50,28.70
966,""CNR4620177"",""CID1972533"",2,"No Driver Found",2024-01-20,00:00:10,"Pragati Maidan",Manesar,0.00,0.00,"Não informado",0,8.49,29.14
967,""CNR8954114"",""CID4264123"",3,Completed,2024-08-05,00:00:10,"Rohini West","Gurgaon Railway Station",12.56,272.00,Cash,5,5.20,36.90
968,""CNR1599721"",""CID3810535"",12,Incomplete,2024-03-26,00:00:05,"Shastri Park",Tughlakabad,5.42,401.00,UPI,0,4.00,25.60
969,""CNR2647125"",""CID9641231"",2,Incomplete,2024-09-01,00:00:00,"Delhi Gate",Saket,8.12,114.00,UPI,0,8.80,20.60
970,""CNR4236741"",""CID3176600"",4,Completed,2024-02-25,00:00:10,"Model Town",Rithala,2.73,173.00,UPI,5,5.40,44.30
971,""CNR7720053"",""CID8466729"",14,Completed,2024-11-24,00:00:20,Indraprastha,"Shastri Nagar",36.00,145.00,UPI,5,6.70,44.80
972,""CNR5478940"",""CID1749983"",9,Completed,2024-07-29,00:00:18,"Delhi Gate","Greater Noida",38.16,252.00,UPI,4,4.50,40.00
973,""CNR2883744"",""CID4582446"",15,Incomplete,2024-07-10,00:00:12,"Paschim Vihar","Mandi House",8.06,118.00,"Debit Card",0,2.90,28.20
974,""CNR8737998"",""CID6183084"",5,Completed,2024-01-05,00:00:11,"IIT Delhi","Kherki Daula Toll",4.15,74.00,"Uber Wallet",4,13.20,17.00
975,""CNR2054702"",""CID2980558"",27,Completed,2024-02-01,00:00:14,"Netaji Subhash Place","Gurgaon Sector 29",16.70,944.00,UPI,4,5.10,30.10
976,""CNR1015058"",""CID1066576"",6,Completed,2024-02-04,00:00:22,"Rohini East",Kaushambi,18.83,758.00,Cash,4,14.10,37.70
977,""CNR9262720"",""CID6906507"",7,Completed,2024-11-08,00:00:15,Ashram,AIIMS,49.95,57.00,Cash,5,13.90,41.60
978,""CNR3847275"",""CID8460871"",6,Completed,2024-09-09,00:00:18,Indirapuram,Indraprastha,20.92,130.00,UPI,5,5.70,38.50
979,""CNR2741467"",""CID5243272"",12,"Cancelled by Driver",2024-12-16,00:00:18,Sikanderpur,Kaushambi,0.00,0.00,"Não informado",0,10.70,29.14
980,""CNR6939092"",""CID7646791"",13,"Cancelled by Driver",2024-04-12,00:00:22,Vinobapuri,"Udyog Vihar",0.00,0.00,"Não informado",0,3.80,29.14
981,""CNR4976636"",""CID6816039"",16,Completed,2024-08-11,00:00:22,Khandsa,"Karol Bagh",19.56,795.00,UPI,4,14.00,36.20
982,""CNR9553310"",""CID7931768"",21,Completed,2024-10-18,00:00:07,"Hero Honda Chowk","Yamuna Bank",41.14,304.00,Cash,4,10.30,20.40
983,""CNR7410537"",""CID7983370"",7,Completed,2024-02-18,00:00:05,Pitampura,"Ardee City",2.84,147.00,"Uber Wallet",5,14.70,23.20
984,""CNR6994684"",""CID1555665"",15,"Cancelled by Driver",2024-07-30,00:00:15,"Pragati Maidan","Vidhan Sabha",0.00,0.00,"Não informado",0,6.70,29.14
985,""CNR3762567"",""CID3108623"",6,Completed,2024-02-16,00:00:14,AIIMS,"Paschim Vihar",16.41,215.00,UPI,4,4.80,28.40
986,""CNR2538590"",""CID9363567"",8,Incomplete,2024-11-09,00:00:12,"Basai Dhankot",Indirapuram,18.11,210.00,"Credit Card",0,7.00,16.10
987,""CNR2613398"",""CID2116488"",5,Completed,2024-01-16,00:00:13,"Uttam Nagar",Chanakyapuri,33.14,315.00,"Debit Card",4,4.10,31.80
988,""CNR8355495"",""CID7308464"",12,"Cancelled by Driver",2024-02-28,00:00:09,"Anand Vihar ISBT",Ghaziabad,0.00,0.00,"Não informado",0,4.30,29.14
989,""CNR8228318"",""CID2317986"",13,"Cancelled by Customer",2024-03-29,00:00:14,Akshardham,"Preet Vihar",0.00,0.00,"Não informado",0,9.50,29.14
990,""CNR5250100"",""CID8476687"",12,"Cancelled by Driver",2024-07-11,00:00:09,"IMT Manesar","Anand Vihar",0.00,0.00,"Não informado",0,7.80,29.14
991,""CNR8899931"",""CID7188742"",7,Completed,2024-08-22,00:00:17,Bahadurgarh,Govindpuri,41.78,737.00,UPI,4,12.00,37.80
992,""CNR9984524"",""CID2343499"",4,Completed,2024-08-18,00:00:17,"Netaji Subhash Place","Noida Extension",8.55,109.00,UPI,5,5.00,44.30
993,""CNR9503919"",""CID5828260"",15,"Cancelled by Customer",2024-10-27,00:00:17,"Ardee City","Connaught Place",0.00,0.00,"Não informado",0,14.00,29.14
994,""CNR2589191"",""CID8552101"",6,Completed,2024-01-01,00:00:18,Jahangirpuri,Saket,38.69,142.00,"Uber Wallet",5,3.80,20.10
995,""CNR6334509"",""CID7221694"",7,Completed,2024-05-21,00:00:10,"Keshav Puram","Sushant Lok",28.51,415.00,UPI,5,7.30,16.60
996,""CNR9466363"",""CID8934229"",10,Completed,2024-09-21,00:00:07,Ghaziabad,Bahadurgarh,49.00,329.00,UPI,5,8.70,28.50
997,""CNR9331328"",""CID6226450"",6,Completed,2024-02-29,00:00:20,"Kashmere Gate ISBT",Narsinghpur,15.82,960.00,UPI,4,4.50,16.20
998,""CNR4717846"",""CID7881372"",3,Completed,2024-07-22,00:00:11,"Central Secretariat","Rajiv Chowk",46.75,227.00,UPI,4,4.40,28.10
999,""CNR6805743"",""CID9861963"",2,"Cancelled by Customer",2024-06-23,00:00:13,Saidulajab,Kalkaji,0.00,0.00,"Não informado",0,19.60,29.14
1000,""CNR3465275"",""CID1611625"",22,Completed,2024-06-05,00:00:13,"Basai Dhankot",Karkarduma,17.94,450.00,Cash,4,5.00,42.00
